,image_id,category
0,52fb49e00e.jpg,engineBlock
1,a4e7b0ad35.jpg,engineBlock
2,0a06a44398.jpg,engineBlock
3,bd67e4da46.jpg,engineBlock
4,36543856d8.jpg,engineBlock
5,21c205ff45.jpg,engineBlock
6,efb60d4118.jpg,engineBlock
7,e1258c91b6.jpg,engineBlock
8,0568e4f6a8.jpg,engineBlock
9,9538d6ef1f.jpg,engineBlock
10,2bced41e3a.jpg,engineBlock
11,5c312a6e15.jpg,engineBlock
12,7cf0ad215b.jpg,engineBlock
13,60fdc86e0f.jpg,engineBlock
14,436009e45d.jpg,engineBlock
15,3321b82997.jpg,engineBlock
16,2e98d0f0e6.jpg,engineBlock
17,d19c742a26.jpg,engineBlock
18,641ac27429.jpg,engineBlock
19,15e8fc1ccf.jpg,engineBlock
20,b61ed02a41.jpg,engineBlock
21,c3a0143098.jpg,engineBlock
22,cb2e4406b1.jpg,engineBlock
23,18947b3c75.jpg,engineBlock
24,97b844b754.jpg,engineBlock
25,906468a992.jpg,engineBlock
26,4e4bae4d8b.jpg,engineBlock
27,1a1ee284a9.jpg,engineBlock
28,060bd8de2d.jpg,engineBlock
29,de820a6ed2.jpg,engineBlock
30,903eedbe05.jpg,engineBlock
31,df125a1a06.jpg,engineBlock
32,429813df9d.jpg,engineBlock
33,dc1baefa1c.jpg,engineBlock
34,82c62c5ff8.jpg,engineBlock
35,8562ec899b.jpg,engineBlock
36,1327d7da5c.jpg,engineBlock
37,909bd9e0b7.jpg,engineBlock
38,605db7d0f4.jpg,engineBlock
39,2dcf9bdcd7.jpg,engineBlock
40,3b64b28c9e.jpg,engineBlock
41,79cc7d8363.jpg,engineBlock
42,a1a0a8e568.jpg,engineBlock
43,eddc31dcc0.jpg,engineBlock
44,fbf0ecad7a.jpg,engineBlock
45,3eb340e4ed.jpg,engineBlock
46,be710d6072.jpg,engineBlock
47,81e6d1fd0f.jpg,engineBlock
48,f884978e9b.jpg,engineBlock
49,a3d75aaacb.jpg,engineBlock
50,69049b651f.jpg,engineBlock
51,50107a06a8.jpg,engineBlock
52,5f453299ad.jpg,engineBlock
53,86b2154997.jpg,engineBlock
54,fb53eb5612.jpg,engineBlock
55,867d606ac1.jpg,engineBlock
56,80a416afd1.jpg,engineBlock
57,e90242288c.jpg,engineBlock
58,a09932f501.jpg,engineBlock
59,a746111248.jpg,engineBlock
60,b860156e5c.jpg,engineBlock
61,a24d8b7fa7.jpg,engineBlock
62,6f5bf6bab6.jpg,engineBlock
63,5a34722c21.jpg,engineBlock
64,d04a8a026e.jpg,engineBlock
65,4ef08326a9.jpg,engineBlock
66,96c0dc328c.jpg,engineBlock
67,5fb2af7cc9.jpg,engineBlock
68,5812a714f6.jpg,engineBlock
69,d3a7d62f19.jpg,engineBlock
70,14a7827385.jpg,engineBlock
71,037161cc94.jpg,engineBlock
72,4bae3d04fb.jpg,engineBlock
73,bc3b0fa825.jpg,engineBlock
74,9ac0d86c0d.jpg,engineBlock
75,a7876e9012.jpg,engineBlock
76,906496d363.jpg,engineBlock
77,d743c6c06f.jpg,engineBlock
78,2bca5b7afb.jpg,engineBlock
79,f5c77f182b.jpg,engineBlock
80,1fadbc06a9.jpg,engineBlock
81,5073836ad0.jpg,engineBlock
82,09c3cf61b4.jpg,engineBlock
83,96c9ef034b.jpg,engineBlock
84,725ffc417f.jpg,engineBlock
85,337cff26cf.jpg,engineBlock
86,7971f8d81d.jpg,engineBlock
87,ad2f59a929.jpg,engineBlock
88,f41a8d7666.jpg,engineBlock
89,ba78d737a5.jpg,engineBlock
90,aa6b290ad8.jpg,engineBlock
91,b79a55dcf2.jpg,engineBlock
92,700459707d.jpg,engineBlock
93,f9b3d3a0c7.jpg,engineBlock
94,718b506e99.jpg,engineBlock
95,a59e07a921.jpg,engineBlock
96,0a0baa77b9.jpg,engineBlock
97,f08133e336.jpg,engineBlock
98,c1a70d4cda.jpg,engineBlock
99,b489a21cb5.jpg,engineBlock
100,1dab14a2c2.jpg,engineBlock
101,30c500c41a.jpg,engineBlock
102,86bb782549.jpg,engineBlock
103,dd52f4c717.jpg,engineBlock
104,f737148f85.jpg,engineBlock
105,fba713dc63.jpg,engineBlock
106,a49a2e39ab.jpg,engineBlock
107,f23d5f6c19.jpg,engineBlock
108,943123dc30.jpg,engineBlock
109,a158b2c4ce.jpg,engineBlock
110,aba2ca87de.jpg,engineBlock
111,2d6282a40e.jpg,engineBlock
112,ac16c5f505.jpg,engineBlock
113,a142464564.jpg,engineBlock
114,87cecf8629.jpg,engineBlock
115,89c559b6cf.jpg,engineBlock
116,28e36c2284.jpg,engineBlock
117,42eeb1bbbe.jpg,engineBlock
118,eb03b791fc.jpg,engineBlock
119,bca1244d65.jpg,engineBlock
120,effae88dc5.jpg,engineBlock
121,5d67f2c07a.jpg,engineBlock
122,2f8ae7c1ac.jpg,engineBlock
123,44d2ccaa41.jpg,engineBlock
124,128954446a.jpg,engineBlock
125,bbc1c1fbcf.jpg,engineBlock
126,936fdcd9ca.jpg,engineBlock
127,a22550c7f8.jpg,engineBlock
128,27c27cc507.jpg,engineBlock
129,549a355b6d.jpg,engineBlock
130,4bd8c50216.jpg,engineBlock
131,a0eae3356c.jpg,engineBlock
132,c70563e119.jpg,engineBlock
133,2d19a1f026.jpg,engineBlock
134,11678dce8a.jpg,engineBlock
135,a38c220055.jpg,engineBlock
136,f913036eef.jpg,engineBlock
137,ea6bb4262e.jpg,engineBlock
138,892307c6b1.jpg,engineBlock
139,4b5a94ec05.jpg,engineBlock
140,ce110dfaa0.jpg,engineBlock
141,9c42dc8b2d.jpg,engineBlock
142,be4fd327e4.jpg,engineBlock
143,9ecefcbc8f.jpg,engineBlock
144,6f2c2fb23c.jpg,engineBlock
145,805275915d.jpg,engineBlock
146,fc4058f4aa.jpg,engineBlock
147,be9fa7140b.jpg,engineBlock
148,933b5b80ed.jpg,engineBlock
149,16dbb4323b.jpg,engineBlock
150,478c3a8c10.jpg,engineBlock
151,d133444ba6.jpg,engineBlock
152,8d6e82829e.jpg,engineBlock
153,1cb3e2b6c5.jpg,engineBlock
154,2933524686.jpg,engineBlock
155,bba906b304.jpg,engineBlock
156,414cca5dbf.jpg,engineBlock
157,d882d763cc.jpg,engineBlock
158,4d021753c9.jpg,engineBlock
159,46908491e4.jpg,engineBlock
160,09051c1009.jpg,engineBlock
161,f692893f9d.jpg,engineBlock
162,cf19c42894.jpg,engineBlock
163,0093af3871.jpg,engineBlock
164,b93f0c87f3.jpg,engineBlock
165,217551c999.jpg,engineBlock
166,6ff4bddfb0.jpg,engineBlock
167,d9d7f28488.jpg,engineBlock
168,66fda5d113.jpg,engineBlock
169,87e46e10b1.jpg,engineBlock
170,d657658681.jpg,engineBlock
171,b69eedfc74.jpg,engineBlock
172,2217643579.jpg,engineBlock
173,f5ef7abdae.jpg,engineBlock
174,706514f81d.jpg,engineBlock
175,ba4f792d88.jpg,engineBlock
176,741d972d36.jpg,engineBlock
177,91bbe76288.jpg,engineBlock
178,735bcac49c.jpg,engineBlock
179,ed387b1e67.jpg,engineBlock
180,6a9cb7b69e.jpg,engineBlock
181,709cdf108c.jpg,engineBlock
182,d622c8e6c9.jpg,engineBlock
183,36acf72db9.jpg,engineBlock
184,db2ea9731b.jpg,engineBlock
185,bd41d3efa7.jpg,engineBlock
186,d5f4f47432.jpg,engineBlock
187,560d9a072d.jpg,engineBlock
188,7e0bc882f6.jpg,engineBlock
189,8456a8e6ca.jpg,engineBlock
190,f94c768630.jpg,engineBlock
191,5940089615.jpg,engineBlock
192,5e3cddf0b3.jpg,engineBlock
193,083603a945.jpg,engineBlock
194,ec63f4e8a4.jpg,engineBlock
195,e07246cbc6.jpg,engineBlock
196,fc639e40fa.jpg,engineBlock
197,106314ecd1.jpg,engineBlock
198,3aa635e8b8.jpg,engineBlock
199,23ddf81a86.jpg,engineBlock
200,df620a8e43.jpg,engineBlock
201,0086ad50f5.jpg,engineBlock
202,07ff3874bd.jpg,engineBlock
203,b56102332b.jpg,engineBlock
204,8def3ec043.jpg,engineBlock
205,e9b5efe06e.jpg,engineBlock
206,791160299b.jpg,engineBlock
207,5af06f25a3.jpg,engineBlock
208,a461f6b8f1.jpg,engineBlock
209,b05f3a0e53.jpg,engineBlock
210,231ee5de4e.jpg,engineBlock
211,aa0a95eafe.jpg,engineBlock
212,cc7b4a3bd5.jpg,engineBlock
213,67a8218bae.jpg,engineBlock
214,7baec7a1e1.jpg,engineBlock
215,a72570c4e4.jpg,engineBlock
216,3d0bbec93d.jpg,engineBlock
217,7ae7a8bcf8.jpg,engineBlock
218,c7ee42ee7e.jpg,engineBlock
219,e9b0314038.jpg,engineBlock
220,71fc587f8e.jpg,engineBlock
221,c20da989dd.jpg,engineBlock
222,a3f7c55f9a.jpg,engineBlock
223,c7353f9109.jpg,engineBlock
224,1dae49a170.jpg,engineBlock
225,cef7d1f33f.jpg,engineBlock
226,674a26facc.jpg,engineBlock
227,545bfbb6c3.jpg,engineBlock
228,f826a8913b.jpg,engineBlock
229,ea567f7c4f.jpg,engineBlock
230,230ba6f447.jpg,engineBlock
231,c224c63b3b.jpg,engineBlock
232,e45d6cd388.jpg,engineBlock
233,7756eb48f5.jpg,engineBlock
234,1b9e408a1a.jpg,engineBlock
235,963638f577.jpg,engineBlock
236,ce3a709f16.jpg,engineBlock
237,e11bec3609.jpg,engineBlock
238,157d53df88.jpg,engineBlock
239,d14eb18631.jpg,engineBlock
240,c10579d917.jpg,engineBlock
241,e0000be80e.jpg,engineBlock
242,ae56fddc92.jpg,engineBlock
243,916a772ac6.jpg,engineBlock
244,cd60b8f97e.jpg,engineBlock
245,7db1495b02.jpg,engineBlock
246,a5982990b1.jpg,engineBlock
247,61052cd2f8.jpg,engineBlock
248,2558c93ae1.jpg,engineBlock
249,63d176e756.jpg,engineBlock
250,79418590e8.jpg,engineBlock
251,b631076e94.jpg,engineBlock
252,53669401b7.jpg,engineBlock
253,1274193ba7.jpg,engineBlock
254,1609145855.jpg,engineBlock
255,ad6fb339a5.jpg,engineBlock
256,a083842a6d.jpg,engineBlock
257,929c00d5ea.jpg,engineBlock
258,2e41f30d50.jpg,engineBlock
259,f46f8fae35.jpg,engineBlock
260,da8c0b12b7.jpg,engineBlock
261,d49fb0504c.jpg,engineBlock
262,c8dfc86983.jpg,engineBlock
263,09d383124e.jpg,engineBlock
264,1c8c73ae63.jpg,engineBlock
265,57f2edd404.jpg,engineBlock
266,3fda0d0b8e.jpg,engineBlock
267,f54c66a3b7.jpg,engineBlock
268,48343a0e01.jpg,engineBlock
269,8669e8157a.jpg,engineBlock
270,7258d84222.jpg,engineBlock
271,7eb43be741.jpg,engineBlock
272,dca2083ca0.jpg,engineBlock
273,0da8b9cc35.jpg,engineBlock
274,1ca553d1b1.jpg,engineBlock
275,130905773a.jpg,engineBlock
276,fad23c7197.jpg,engineBlock
277,3541b516b1.jpg,engineBlock
278,db499da568.jpg,engineBlock
279,9a0a4e0eae.jpg,engineBlock
280,ef724d2c6b.jpg,engineBlock
281,7eb383d29b.jpg,engineBlock
282,95a03b6212.jpg,engineBlock
283,94832ef1a6.jpg,engineBlock
284,401bb843cf.jpg,engineBlock
285,782cd63418.jpg,engineBlock
286,8d13f03cef.jpg,engineBlock
287,f34e0f1574.jpg,engineBlock
288,2497fdb0f0.jpg,engineBlock
289,775a9667af.jpg,engineBlock
290,14832d6fb8.jpg,engineBlock
291,6c53e01c45.jpg,engineBlock
292,bc5ccab6a5.jpg,engineBlock
293,76f09361cf.jpg,engineBlock
294,b5fd76152b.jpg,engineBlock
295,479f607030.jpg,engineBlock
296,e24d63fc2d.jpg,engineBlock
297,d4dd1e304f.jpg,engineBlock
298,08bf505d15.jpg,engineBlock
299,3a4725df86.jpg,engineBlock
300,2b59ee2b7c.jpg,engineBlock
301,e1d3169c1c.jpg,engineBlock
302,ab1d55ab13.jpg,engineBlock
303,9e0a5e2851.jpg,engineBlock
304,ec3a314386.jpg,engineBlock
305,8907c65e9f.jpg,engineBlock
306,9797c22640.jpg,engineBlock
307,87e1ab5611.jpg,engineBlock
308,91589fac76.jpg,engineBlock
309,d796622fc2.jpg,engineBlock
310,fcf50d3a6d.jpg,engineBlock
311,eb28756f1e.jpg,engineBlock
312,d8a6a1d9fd.jpg,engineBlock
313,9a24c80a1c.jpg,engineBlock
314,ce3acddac6.jpg,engineBlock
315,ef660cbbde.jpg,engineBlock
316,89361260c7.jpg,engineBlock
317,2b9f4a6fdc.jpg,engineBlock
318,5d7e17881c.jpg,engineBlock
319,c5b219bd64.jpg,engineBlock
320,cc4cc8990e.jpg,engineBlock
321,922e42c89f.jpg,engineBlock
322,e5d935f638.jpg,engineBlock
323,2b013e09d7.jpg,engineBlock
324,3a86882f71.jpg,engineBlock
325,b8715431c8.jpg,engineBlock
326,e2794f66a3.jpg,engineBlock
327,eefa88d4ed.jpg,engineBlock
328,65c0163a49.jpg,engineBlock
329,4cf2789ac4.jpg,engineBlock
330,5493a897cd.jpg,engineBlock
331,903a47c7d0.jpg,engineBlock
332,ba161192b3.jpg,engineBlock
333,ee9afb063f.jpg,engineBlock
334,e2453a2963.jpg,engineBlock
335,19aecd390f.jpg,engineBlock
336,b04887dc91.jpg,engineBlock
337,507f560eff.jpg,engineBlock
338,37b3fadc1d.jpg,engineBlock
339,57dafcedab.jpg,engineBlock
340,3521e552ad.jpg,engineBlock
341,18d5097c61.jpg,engineBlock
342,e38ef62b26.jpg,engineBlock
343,67f9260f7a.jpg,engineBlock
344,bbc0f3ce55.jpg,engineBlock
345,761269a688.jpg,engineBlock
346,b713378074.jpg,engineBlock
347,eea44610e6.jpg,engineBlock
348,d7075340c3.jpg,engineBlock
349,5934a114b4.jpg,engineBlock
350,302188fd30.jpg,engineBlock
351,f7687b08a9.jpg,engineBlock
352,a5c5603d42.jpg,engineBlock
353,87fd494773.jpg,engineBlock
354,d41e3adbf0.jpg,engineBlock
355,d14a62cdce.jpg,engineBlock
356,0f84c2bb93.jpg,engineBlock
357,102389369c.jpg,engineBlock
358,dd5f0209b6.jpg,engineBlock
359,b2fd597f94.jpg,engineBlock
360,d1e632b9c7.jpg,engineBlock
361,0ccee9284e.jpg,engineBlock
362,360d28141e.jpg,engineBlock
363,4d76a4eef2.jpg,engineBlock
364,f68a7db9ef.jpg,engineBlock
365,cfa1e34517.jpg,engineBlock
366,a4195e838c.jpg,engineBlock
367,e02d491a1d.jpg,engineBlock
368,5d70713f1c.jpg,engineBlock
369,0bece77b1e.jpg,engineBlock
370,b272a74688.jpg,engineBlock
371,9e630663be.jpg,engineBlock
372,83487025b1.jpg,engineBlock
373,58cb49c547.jpg,engineBlock
374,cea6b78adf.jpg,engineBlock
375,b9c6847716.jpg,engineBlock
376,e864c398b4.jpg,engineBlock
377,e2d2859054.jpg,engineBlock
378,12727a70ca.jpg,engineBlock
379,b35b7b5c37.jpg,piston
380,b7a1c31e81.jpg,piston
381,efc6a13dfb.jpg,piston
382,1ad15ae046.jpg,piston
383,a5421e0ce9.jpg,piston
384,7eb1a17565.jpg,piston
385,8b1f5b5206.jpg,piston
386,6d24be8685.jpg,piston
387,ceed928e39.jpg,piston
388,02407450de.jpg,piston
389,6bd4d54283.jpg,piston
390,b5416f1d16.jpg,piston
391,500b71bbc4.jpg,piston
392,d5b6c6c7a8.jpg,piston
393,d86fff52c8.jpg,piston
394,082e118fd6.jpg,piston
395,28d29ca99b.jpg,piston
396,94ae6fcdd4.jpg,piston
397,7ae71b828c.jpg,piston
398,0d20177d1e.jpg,piston
399,0764f0d654.jpg,piston
400,5e4e824442.jpg,piston
401,a86f0a517d.jpg,piston
402,edabbffa26.jpg,piston
403,daf37718cb.jpg,piston
404,046314b3c7.jpg,piston
405,9168cdfa35.jpg,piston
406,6dbd7b7047.jpg,piston
407,181525dd28.jpg,piston
408,d01e5203ff.jpg,piston
409,e4b5e0cf07.jpg,piston
410,7e7e5a8605.jpg,piston
411,1c3edcb5cf.jpg,piston
412,63404cd364.jpg,piston
413,eb30d344d3.jpg,piston
414,b8f8b91446.jpg,piston
415,721075d5dc.jpg,piston
416,667c7846f2.jpg,piston
417,be1e2ba028.jpg,piston
418,89a4d756af.jpg,piston
419,625e6337a1.jpg,piston
420,418bbd7759.jpg,piston
421,a325771739.jpg,piston
422,da5744ff72.jpg,piston
423,1a3ee48f37.jpg,piston
424,7ca7c712e2.jpg,piston
425,ccc526b79f.jpg,piston
426,83bdccc73a.jpg,piston
427,92e00a44e7.jpg,piston
428,423a6d2a62.jpg,piston
429,52907e8773.jpg,piston
430,6c0f1e7e9f.jpg,piston
431,af2f9ef829.jpg,piston
432,90affcd4c1.jpg,piston
433,84340d52b4.jpg,piston
434,05b167c489.jpg,piston
435,bebd4d8c10.jpg,piston
436,4f38021266.jpg,piston
437,da27afb6e0.jpg,piston
438,961e45d059.jpg,piston
439,947dc55804.jpg,piston
440,cc880b228e.jpg,piston
441,0dc6e0455f.jpg,piston
442,f5e6770b96.jpg,piston
443,93244ae0ce.jpg,piston
444,028d13cc96.jpg,piston
445,78fd92e651.jpg,piston
446,6cecfbde53.jpg,piston
447,cc028f53c5.jpg,piston
448,ea15401767.jpg,piston
449,238b781dc5.jpg,piston
450,6d6f734625.jpg,piston
451,04bf02a11d.jpg,piston
452,173f85323d.jpg,piston
453,7eb08286eb.jpg,piston
454,01ed3ac48b.jpg,piston
455,5d2684f69b.jpg,piston
456,90d096c792.jpg,piston
457,7a83b53ff8.jpg,piston
458,67bc714da3.jpg,piston
459,50232baee2.jpg,piston
460,d8ed6ccfd3.jpg,piston
461,6eaa4bd168.jpg,piston
462,5908c0239f.jpg,piston
463,04f9de6e3e.jpg,piston
464,310c7cc69a.jpg,piston
465,992c60ffa7.jpg,piston
466,07576a8141.jpg,piston
467,8022b0552b.jpg,piston
468,998dc4f637.jpg,piston
469,0d0af08fe0.jpg,piston
470,8110ba86df.jpg,piston
471,065c3cba76.jpg,piston
472,aeeea4c932.jpg,piston
473,ed00532cb9.jpg,piston
474,a450f6a1ea.jpg,piston
475,8709941143.jpg,piston
476,1ee46b76f7.jpg,piston
477,775cc3a30d.jpg,piston
478,26f7475528.jpg,piston
479,29844be100.jpg,piston
480,b4e29aaaf8.jpg,piston
481,9e1181f0e6.jpg,piston
482,cec190cc75.jpg,piston
483,96c1899a17.jpg,piston
484,5936cb36de.jpg,piston
485,4bf32f3023.jpg,piston
486,11db57ab1a.jpg,piston
487,73322c94b7.jpg,piston
488,d8b83a0779.jpg,piston
489,0869b001d8.jpg,piston
490,3beb527a5d.jpg,piston
491,37cab11673.jpg,piston
492,b7105064a9.jpg,piston
493,90c32841e4.jpg,piston
494,ab2abd246c.jpg,piston
495,309ec83338.jpg,piston
496,a491fa5188.jpg,piston
497,83bee56785.jpg,piston
498,ccd6b11bd3.jpg,piston
499,123da4e402.jpg,piston
500,2cd6659e84.jpg,piston
501,4489e85c9b.jpg,piston
502,6ea459e9b3.jpg,piston
503,440abc3a41.jpg,piston
504,c878e2d2b3.jpg,piston
505,418f28ea63.jpg,piston
506,e1e4bb42b2.jpg,piston
507,7b780939a6.jpg,piston
508,c1a9ef5b3c.jpg,piston
509,9e1cc2928e.jpg,piston
510,21c5e7d812.jpg,piston
511,72abbf7f1f.jpg,piston
512,bb75eed13e.jpg,piston
513,5296d2a946.jpg,piston
514,3f8f0005e3.jpg,crankShaft
515,6507c10889.jpg,crankShaft
516,280b77095c.jpg,crankShaft
517,25cbe1d015.jpg,crankShaft
518,f73093ed44.jpg,crankShaft
519,dd031d713f.jpg,crankShaft
520,b1afe6c39e.jpg,crankShaft
521,68780f3194.jpg,crankShaft
522,88c21a49d5.jpg,crankShaft
523,083fa51ca4.jpg,crankShaft
524,e41c21d148.jpg,crankShaft
525,1059bbac17.jpg,crankShaft
526,b98f7b7aaa.jpg,crankShaft
527,9c068d8982.jpg,crankShaft
528,1fddfab308.jpg,crankShaft
529,143e8a3d44.jpg,crankShaft
530,dfce5a9a5a.jpg,crankShaft
531,a15cacc2be.jpg,crankShaft
532,802fbe398b.jpg,crankShaft
533,e7b6af8524.jpg,crankShaft
534,039ccdbbfd.jpg,crankShaft
535,119f9574c5.jpg,crankShaft
536,4c40864acc.jpg,crankShaft
537,956494c4cc.jpg,crankShaft
538,5dd7f6d3a7.jpg,crankShaft
539,dae6a2e451.jpg,crankShaft
540,3786f0ebd9.jpg,crankShaft
541,7bd0cf1ca6.jpg,crankShaft
542,7eb2864c47.jpg,crankShaft
543,77b90d1982.jpg,crankShaft
544,64929533fe.jpg,crankShaft
545,3b5cf0d201.jpg,crankShaft
546,7222cd7b8c.jpg,crankShaft
547,e6e8a5ed73.jpg,crankShaft
548,986d4a5d82.jpg,crankShaft
549,7e6c4ab95e.jpg,crankShaft
550,7f79bcfaab.jpg,crankShaft
551,7996ba1ed0.jpg,crankShaft
552,f0ca4cea71.jpg,crankShaft
553,b8bc33911e.jpg,crankShaft
554,ab89920c5f.jpg,crankShaft
555,b580e4dff3.jpg,crankShaft
556,68755c2fd8.jpg,crankShaft
557,6959b1940d.jpg,crankShaft
558,faeaa8bc8e.jpg,crankShaft
559,bb36d1cc79.jpg,crankShaft
560,842d56a52d.jpg,crankShaft
561,63ddabfb0e.jpg,crankShaft
562,f8718210f3.jpg,crankShaft
563,6457a4f9ee.jpg,crankShaft
564,d15f79f8a4.jpg,crankShaft
565,9864189e73.jpg,crankShaft
566,747674f86d.jpg,crankShaft
567,b183e34e2d.jpg,crankShaft
568,14408772bc.jpg,crankShaft
569,af857895a9.jpg,crankShaft
570,5c6a99cc1f.jpg,crankShaft
571,fb2396d960.jpg,crankShaft
572,89bb26ec1c.jpg,crankShaft
573,287bea9aa1.jpg,crankShaft
574,1bdb6d7eec.jpg,crankShaft
575,bc9652a3ec.jpg,crankShaft
576,7b1b1b25d5.jpg,crankShaft
577,9341f0634d.jpg,crankShaft
578,342f2d3aae.jpg,crankShaft
579,e0a04969e1.jpg,crankShaft
580,5665e72d02.jpg,crankShaft
581,0a31847979.jpg,crankShaft
582,e7c2882597.jpg,crankShaft
583,5c58816ac2.jpg,crankShaft
584,ba1faf6917.jpg,crankShaft
585,0e99fb674b.jpg,crankShaft
586,26283aa8c2.jpg,crankShaft
587,5323b379db.jpg,crankShaft
588,e7d189539d.jpg,crankShaft
589,439d84168f.jpg,crankShaft
590,ef5d0ba6ea.jpg,crankShaft
591,be31657240.jpg,crankShaft
592,1c76154e6a.jpg,crankShaft
593,4a197e4c11.jpg,crankShaft
594,416a264080.jpg,crankShaft
595,18a5d93e95.jpg,crankShaft
596,be73457ac4.jpg,crankShaft
597,7f1e130715.jpg,crankShaft
598,891b47e2e1.jpg,crankShaft
599,fc8bc7b94d.jpg,crankShaft
600,b93e8588ab.jpg,crankShaft
601,8871af5bef.jpg,crankShaft
602,eba9b92a0f.jpg,crankShaft
603,13c77f47f9.jpg,crankShaft
604,7379b5ca99.jpg,crankShaft
605,dfed36c133.jpg,crankShaft
606,0b09ff2d93.jpg,crankShaft
607,fca72c1b09.jpg,crankShaft
608,e0158dcb47.jpg,crankShaft
609,4514b6f766.jpg,crankShaft
610,55d1ca5ad1.jpg,crankShaft
611,460da83d2c.jpg,crankShaft
612,14ec9543d1.jpg,crankShaft
613,1a241afeb4.jpg,crankShaft
614,9e505bafec.jpg,crankShaft
615,6613130234.jpg,crankShaft
616,e6c403e5c0.jpg,crankShaft
617,9d2ca279b7.jpg,crankShaft
618,7180d9191c.jpg,crankShaft
619,c0ea7258c7.jpg,crankShaft
620,948798fe58.jpg,crankShaft
621,6b3b112dcf.jpg,crankShaft
622,e2b8b72ec2.jpg,crankShaft
623,d25a59145b.jpg,crankShaft
624,82f11d83ef.jpg,crankShaft
625,2906eed894.jpg,crankShaft
626,87d059fafe.jpg,crankShaft
627,4da1a69747.jpg,crankShaft
628,0d5c440058.jpg,crankShaft
629,d4bb308e9c.jpg,crankShaft
630,d51b8aa89e.jpg,crankShaft
631,8572581d9f.jpg,crankShaft
632,ee2312624f.jpg,crankShaft
633,1e9b921801.jpg,crankShaft
634,7af08ad5e6.jpg,crankShaft
635,20c4267f52.jpg,crankShaft
636,c6f821e687.jpg,crankShaft
637,f6afc85455.jpg,crankShaft
638,2e88468c9f.jpg,crankShaft
639,f91908b8cd.jpg,crankShaft
640,570edcd520.jpg,crankShaft
641,0ef5bf54ef.jpg,crankShaft
642,75db383bbc.jpg,crankShaft
643,0e4bc54de0.jpg,crankShaft
644,b904e0afe2.jpg,crankShaft
645,9e5c728ff3.jpg,crankShaft
646,517e260aee.jpg,crankShaft
647,f4dd8f95c1.jpg,crankShaft
648,eee1e94124.jpg,crankShaft
649,424bb26b44.jpg,crankShaft
650,47d5c76846.jpg,crankShaft
651,b2ab76e63b.jpg,crankShaft
652,21ac50568b.jpg,crankShaft
653,54514be8fe.jpg,crankShaft
654,e29c381757.jpg,crankShaft
655,7026a5b3da.jpg,crankShaft
656,5748f9c2e0.jpg,crankShaft
657,8801e28c07.jpg,crankShaft
658,c7d0228fa5.jpg,crankShaft
659,c78ca86b78.jpg,crankShaft
660,e7b6d5bc0c.jpg,crankShaft
661,1dd2e5ebf9.jpg,crankShaft
662,7350640ecd.jpg,crankShaft
663,101e3faa82.jpg,crankShaft
664,08b2acfbed.jpg,crankShaft
665,d98496802f.jpg,crankShaft
666,123c15935a.jpg,crankShaft
667,f183be68c6.jpg,crankShaft
668,92dad9fea3.jpg,crankShaft
669,372fa5b596.jpg,crankShaft
670,c9ffe205f3.jpg,crankShaft
671,22773ac573.jpg,crankShaft
672,5db504ce5d.jpg,crankShaft
673,9bd62cb54a.jpg,crankShaft
674,118b85790a.jpg,crankShaft
675,f3850e1bc0.jpg,crankShaft
676,06d6e3ecde.jpg,crankShaft
677,4977138334.jpg,crankShaft
678,6bfe74a772.jpg,crankShaft
679,0e07b993f6.jpg,crankShaft
680,45540c72a7.jpg,crankShaft
681,b60dbf73f5.jpg,crankShaft
682,44067c9107.jpg,crankShaft
683,9742601479.jpg,crankShaft
684,fa5ff8dadc.jpg,crankShaft
685,4e5f1b1ad5.jpg,crankShaft
686,1e08c1933e.jpg,crankShaft
687,06c3603c63.jpg,crankShaft
688,56753ff99d.jpg,crankShaft
689,c40eedd235.jpg,crankShaft
690,dea42aaf76.jpg,crankShaft
691,5b75ea1339.jpg,crankShaft
692,6cbb2c9585.jpg,crankShaft
693,509378bc9a.jpg,crankShaft
694,b81af4466a.jpg,crankShaft
695,fd52a2eec6.jpg,crankShaft
696,b5510e7e3d.jpg,crankShaft
697,720195294d.jpg,crankShaft
698,75afea65ac.jpg,crankShaft
699,a22fb697e8.jpg,crankShaft
700,59cf210ec6.jpg,crankShaft
701,2a82741eaf.jpg,crankShaft
702,82123de344.jpg,crankShaft
703,f2b0e5ad44.jpg,timingBelt
704,0e92cc1155.jpg,timingBelt
705,b05ec40fee.jpg,timingBelt
706,292276d5da.jpg,timingBelt
707,dfec9ca711.jpg,timingBelt
708,98ce0175b1.jpg,timingBelt
709,acfd3eb721.jpg,timingBelt
710,af8d522808.jpg,timingBelt
711,10b954f372.jpg,timingBelt
712,cb22173cb7.jpg,timingBelt
713,f3ca0266df.jpg,timingBelt
714,5bbf2b0e3f.jpg,timingBelt
715,90b30a7a8f.jpg,timingBelt
716,0d67998381.jpg,timingBelt
717,bb936a84ba.jpg,timingBelt
718,23a60d86b6.jpg,timingBelt
719,bfb113b41f.jpg,timingBelt
720,689df1cead.jpg,timingBelt
721,3052f34a9b.jpg,timingBelt
722,5f70d94475.jpg,timingBelt
723,199b55eed9.jpg,timingBelt
724,3e930734a6.jpg,timingBelt
725,a7212d8851.jpg,timingBelt
726,06d582cc98.jpg,timingBelt
727,d61eb16e0e.jpg,timingBelt
728,89ab9ee823.jpg,timingBelt
729,e76ca6c446.jpg,timingBelt
730,06feef8ad0.jpg,timingBelt
731,81e5783ca4.jpg,timingBelt
732,19d51f3804.jpg,timingBelt
733,5dfd7f1df9.jpg,timingBelt
734,aaefb95dff.jpg,timingBelt
735,5ac94120a4.jpg,timingBelt
736,b63468469d.jpg,timingBelt
737,5649e2e6d2.jpg,timingBelt
738,b4e038bd71.jpg,timingBelt
739,a656ca0c80.jpg,timingBelt
740,54ed033552.jpg,timingBelt
741,b959195316.jpg,timingBelt
742,b9d4b5c690.jpg,timingBelt
743,4c13d6c0a0.jpg,timingBelt
744,d65be84511.jpg,timingBelt
745,d5c4057aa1.jpg,timingBelt
746,8ca8e8c8c6.jpg,timingBelt
747,f27a668ce3.jpg,timingBelt
748,1788fe6788.jpg,timingBelt
749,3f62557d43.jpg,timingBelt
750,6ef4d7118a.jpg,timingBelt
751,11615a6eb3.jpg,timingBelt
752,8a0fe6b17b.jpg,timingBelt
753,a41d15c14d.jpg,timingBelt
754,408f8ddf29.jpg,timingBelt
755,fe0e7733cf.jpg,timingBelt
756,080eb49f7e.jpg,timingBelt
757,abec36ae1f.jpg,timingBelt
758,d1f0758359.jpg,timingBelt
759,ff74efa2c6.jpg,timingBelt
760,81a3e74c1d.jpg,timingBelt
761,bf2eda46ee.jpg,timingBelt
762,c9ea876f8d.jpg,timingBelt
763,8f6b079e00.jpg,timingBelt
764,9559f91037.jpg,timingBelt
765,ab5721de71.jpg,timingBelt
766,267112606d.jpg,timingBelt
767,18b6a4c002.jpg,timingBelt
768,7b33563b8e.jpg,timingBelt
769,3a38a557fe.jpg,timingBelt
770,2cc5086424.jpg,timingBelt
771,a18f924cd3.jpg,timingBelt
772,c9e806199a.jpg,timingBelt
773,6b934926d1.jpg,timingBelt
774,bd410bd304.jpg,timingBelt
775,625942b5aa.jpg,timingBelt
776,50aa0916f5.jpg,timingBelt
777,48edf34632.jpg,timingBelt
778,7549b2dc18.jpg,timingBelt
779,47ce42fb2c.jpg,timingBelt
780,c34873d559.jpg,timingBelt
781,064fa90183.jpg,timingBelt
782,70176f91ac.jpg,timingBelt
783,116eee1c34.jpg,timingBelt
784,0409c7cc92.jpg,timingBelt
785,ad50f9d0e0.jpg,timingBelt
786,2afcc6c5aa.jpg,timingBelt
787,9f7997f978.jpg,timingBelt
788,9e3ab90bc0.jpg,timingBelt
789,ca4a49032f.jpg,timingBelt
790,52ab7cb30c.jpg,timingBelt
791,8d4e7a50f2.jpg,timingBelt
792,c3b38d003e.jpg,timingBelt
793,b5c686316b.jpg,timingBelt
794,418ac4b69f.jpg,timingBelt
795,1cbd0bfaa5.jpg,timingBelt
796,87b5a6cd0f.jpg,timingBelt
797,f572691591.jpg,timingBelt
798,24e5a18db9.jpg,timingBelt
799,89a52c5bdf.jpg,timingBelt
800,97c704b35d.jpg,timingBelt
801,65080dc58a.jpg,timingBelt
802,2348452314.jpg,timingBelt
803,84fa8773bb.jpg,timingBelt
804,b58330c6c3.jpg,timingBelt
805,ad56ae6bcf.jpg,timingBelt
806,a941a9735e.jpg,timingBelt
807,988697900b.jpg,timingBelt
808,bc7c8af7b3.jpg,timingBelt
809,6831ee1804.jpg,timingBelt
810,f7b2945568.jpg,timingBelt
811,cd5ab36953.jpg,timingBelt
812,9cefcbfc94.jpg,timingBelt
813,5e29fe421c.jpg,timingBelt
814,eee950dd83.jpg,timingBelt
815,a8147b6b17.jpg,timingBelt
816,c8ff718ba2.jpg,timingBelt
817,46372a66f7.jpg,timingBelt
818,f1c888252e.jpg,timingBelt
819,df2505e582.jpg,timingBelt
820,04c826e641.jpg,timingBelt
821,0050cab9d8.jpg,timingBelt
822,3f6b473fef.jpg,timingBelt
823,d0377580d0.jpg,timingBelt
824,5d049270f3.jpg,timingBelt
825,eb544617b0.jpg,timingBelt
826,7668be9968.jpg,timingBelt
827,0449aed216.jpg,timingBelt
828,e53ff4aac8.jpg,timingBelt
829,9756caf61d.jpg,timingBelt
830,a1cd357388.jpg,timingBelt
831,24077ff652.jpg,timingBelt
832,ae9b0f2c41.jpg,timingBelt
833,d0c01f1a0a.jpg,timingBelt
834,9f71be6a51.jpg,timingBelt
835,b66149a985.jpg,timingBelt
836,a182ee0714.jpg,timingBelt
837,13fc588b3e.jpg,timingBelt
838,0024dc2c71.jpg,timingBelt
839,d5d51cf21f.jpg,timingBelt
840,6a36a84a22.jpg,timingBelt
841,fe17f7b1f2.jpg,timingBelt
842,b0f497cd5d.jpg,timingBelt
843,5f52d30339.jpg,timingBelt
844,89d80cc6eb.jpg,timingBelt
845,ef79412a27.jpg,timingBelt
846,5a7f5d5047.jpg,timingBelt
847,a4379faf80.jpg,timingBelt
848,52018193a3.jpg,timingBelt
849,909933db03.jpg,timingBelt
850,34cd96bbdb.jpg,timingBelt
851,f39cebfa8b.jpg,timingBelt
852,81e54336eb.jpg,timingBelt
853,944cffa64e.jpg,timingBelt
854,ab5b87261c.jpg,timingBelt
855,4cbd7e0445.jpg,timingBelt
856,abcb078bee.jpg,timingBelt
857,95454fafa9.jpg,timingBelt
858,5ac600f821.jpg,timingBelt
859,f170db177c.jpg,timingBelt
860,ff2ec07a2d.jpg,timingBelt
861,debf86a0da.jpg,timingBelt
862,2f2d2a7bd8.jpg,timingBelt
863,e5f0f91a00.jpg,timingBelt
864,9e952523f7.jpg,timingBelt
865,6749e753ad.jpg,timingBelt
866,0b222a24d5.jpg,timingBelt
867,bc3b6b6729.jpg,timingBelt
868,dde60a1250.jpg,timingBelt
869,44fac383a4.jpg,timingBelt
870,f5e219a9a3.jpg,timingBelt
871,6f22798ca0.jpg,timingBelt
872,a0132c6c67.jpg,timingBelt
873,00088a2aa0.jpg,timingBelt
874,22e6412015.jpg,timingBelt
875,d28f27ed5c.jpg,timingBelt
876,85e9da6833.jpg,timingBelt
877,aef4a6a4a9.jpg,timingBelt
878,edc578220a.jpg,timingBelt
879,06ceb4a610.jpg,timingBelt
880,4a3a3e078b.jpg,timingBelt
881,bf5ad8b96a.jpg,timingBelt
882,d8f8af03ba.jpg,timingBelt
883,f857241975.jpg,timingBelt
884,0a0bedb79c.jpg,timingBelt
885,fab50c3951.jpg,timingBelt
886,5a02cb8be6.jpg,timingBelt
887,ccdf7a306d.jpg,timingBelt
888,0901f05781.jpg,timingBelt
889,907bcf66b5.jpg,timingBelt
890,411d84a734.jpg,timingBelt
891,8c1e6f203a.jpg,timingBelt
892,5ddaf2a848.jpg,timingBelt
893,ac087daba1.jpg,timingBelt
894,c1700af1c7.jpg,timingBelt
895,f6b710cb6f.jpg,timingBelt
896,be17da47e7.jpg,timingBelt
897,69236ed24d.jpg,timingBelt
898,f0d86e8c66.jpg,timingBelt
899,764f90c1c0.jpg,timingBelt
900,f3285f4be9.jpg,timingBelt
901,61fd584fd7.jpg,timingBelt
902,f0677e2671.jpg,timingBelt
903,0bdd59240c.jpg,timingBelt
904,a5737e493e.jpg,timingBelt
905,2fb0b838fd.jpg,timingBelt
906,c0dfa761c0.jpg,timingBelt
907,b5922fb367.jpg,timingBelt
908,5a15da65e9.jpg,timingBelt
909,e8d0546bae.jpg,timingBelt
910,ea462e2ef2.jpg,timingBelt
911,6a9a77bbf8.jpg,timingBelt
912,348e28109f.jpg,timingBelt
913,13d5df9280.jpg,timingBelt
914,7a2bbaa238.jpg,timingBelt
915,c64685b853.jpg,timingBelt
916,fc8763bfa5.jpg,timingBelt
917,768ee3f1d4.jpg,timingBelt
918,6f33bc3755.jpg,timingBelt
919,d8d9da16af.jpg,timingBelt
920,ec9e5ef09f.jpg,timingBelt
921,a5dc366504.jpg,timingBelt
922,3b8e3a6921.jpg,timingBelt
923,99bf52e996.jpg,timingBelt
924,1bf0920769.jpg,timingBelt
925,7bb7c94c9b.jpg,timingBelt
926,eea524e9c0.jpg,timingBelt
927,4da88b7f3a.jpg,timingBelt
928,03b7ed4c99.jpg,timingBelt
929,4d0498a6ec.jpg,timingBelt
930,7328851277.jpg,timingBelt
931,1c2c944e22.jpg,timingBelt
932,64cd643fa0.jpg,timingBelt
933,de00c717d7.jpg,timingBelt
934,b8d61c3878.jpg,timingBelt
935,ce43b6f28e.jpg,timingBelt
936,9296253f49.jpg,timingBelt
937,9c12ca9219.jpg,timingBelt
938,91d3cfae50.jpg,timingBelt
939,85a3f24a62.jpg,timingBelt
940,dd0e6e0094.jpg,timingBelt
941,7c48e5674f.jpg,timingBelt
942,1238be7ca6.jpg,timingBelt
943,2c882f6a99.jpg,cylinderHeads
944,d127b1cf03.jpg,cylinderHeads
945,aba6ae45e0.jpg,cylinderHeads
946,710c5e98ad.jpg,cylinderHeads
947,68498651dd.jpg,cylinderHeads
948,caf75e6a65.jpg,cylinderHeads
949,14a434d8a5.jpg,cylinderHeads
950,991af6f133.jpg,cylinderHeads
951,993ac580a5.jpg,cylinderHeads
952,c074f8105e.jpg,cylinderHeads
953,5b74bd9695.jpg,cylinderHeads
954,a82be8e45a.jpg,cylinderHeads
955,6541502508.jpg,cylinderHeads
956,613ea89601.jpg,cylinderHeads
957,6c0c01dec9.jpg,cylinderHeads
958,473a9756f6.jpg,cylinderHeads
959,253d3bf9b1.jpg,cylinderHeads
960,bb1bc43a0a.jpg,cylinderHeads
961,ca99e3fb05.jpg,cylinderHeads
962,bce74a768c.jpg,cylinderHeads
963,5cc57badd0.jpg,cylinderHeads
964,3444c44e5b.jpg,cylinderHeads
965,fb70b90fef.jpg,cylinderHeads
966,4c5b991e29.jpg,cylinderHeads
967,87007a40c8.jpg,cylinderHeads
968,b9f2852d7d.jpg,cylinderHeads
969,47b036eb20.jpg,cylinderHeads
970,0c01cff579.jpg,cylinderHeads
971,bb6039e8b2.jpg,cylinderHeads
972,763f6d3fca.jpg,cylinderHeads
973,a6bb64ae7d.jpg,cylinderHeads
974,a6d9d0e660.jpg,cylinderHeads
975,24b16fd919.jpg,cylinderHeads
976,0e4151d872.jpg,cylinderHeads
977,a5f85a0e22.jpg,cylinderHeads
978,3f5d611117.jpg,cylinderHeads
979,416a3c9f79.jpg,cylinderHeads
980,938da5690a.jpg,cylinderHeads
981,1be1789966.jpg,cylinderHeads
982,89a70f6332.jpg,cylinderHeads
983,6b2850af30.jpg,cylinderHeads
984,bb75f080a8.jpg,cylinderHeads
985,a56457b363.jpg,cylinderHeads
986,a5ee720c94.jpg,cylinderHeads
987,6edceec8e1.jpg,cylinderHeads
988,a7bee3d0c9.jpg,cylinderHeads
989,f9aec3b412.jpg,cylinderHeads
990,13d9abd084.jpg,cylinderHeads
991,0b18cf9525.jpg,cylinderHeads
992,1639ccb670.jpg,cylinderHeads
993,d98214e0c4.jpg,cylinderHeads
994,49de7bbd1b.jpg,cylinderHeads
995,3e2f56e94a.jpg,cylinderHeads
996,6f74f7b09a.jpg,cylinderHeads
997,d4598da5c2.jpg,cylinderHeads
998,260402f35a.jpg,cylinderHeads
999,11c90beebf.jpg,cylinderHeads
1000,299a2c11d3.jpg,cylinderHeads
1001,d599badcb8.jpg,cylinderHeads
1002,bf6aa7797c.jpg,cylinderHeads
1003,ac1eff935b.jpg,cylinderHeads
1004,c9f4368ce0.jpg,cylinderHeads
1005,942457ee1f.jpg,cylinderHeads
1006,c1b89968ca.jpg,cylinderHeads
1007,5fc8968e3f.jpg,cylinderHeads
1008,07a9a1e4b7.jpg,cylinderHeads
1009,21144e8894.jpg,cylinderHeads
1010,6122c6e59a.jpg,cylinderHeads
1011,3851faa8da.jpg,cylinderHeads
1012,9bae4d9ef8.jpg,cylinderHeads
1013,006e2f5752.jpg,cylinderHeads
1014,79dd38bfcb.jpg,cylinderHeads
1015,deca3634e0.jpg,cylinderHeads
1016,46bb3db36d.jpg,cylinderHeads
1017,d32dea0872.jpg,cylinderHeads
1018,f728fd7987.jpg,cylinderHeads
1019,b96189dfad.jpg,cylinderHeads
1020,dae97d43d7.jpg,cylinderHeads
1021,656847641f.jpg,cylinderHeads
1022,a094295cc1.jpg,cylinderHeads
1023,335112b0c8.jpg,cylinderHeads
1024,a6a83f6d3e.jpg,cylinderHeads
1025,cb6b101750.jpg,cylinderHeads
1026,37cc58fe2b.jpg,cylinderHeads
1027,0438b04f52.jpg,cylinderHeads
1028,3cda7b758f.jpg,cylinderHeads
1029,611eee9499.jpg,cylinderHeads
1030,54c30d4b5f.jpg,cylinderHeads
1031,373cd2694d.jpg,cylinderHeads
1032,13193bd8d9.jpg,cylinderHeads
1033,65c93c36af.jpg,cylinderHeads
1034,7fc64d4e5b.jpg,cylinderHeads
1035,a5c6976055.jpg,cylinderHeads
1036,8e78187663.jpg,cylinderHeads
1037,db34ce8952.jpg,cylinderHeads
1038,24ff2da549.jpg,cylinderHeads
1039,16c6b337c0.jpg,cylinderHeads
1040,13cba2250d.jpg,cylinderHeads
1041,b06963fa4b.jpg,cylinderHeads
1042,2f653c3ca9.jpg,cylinderHeads
1043,6fdd446b8d.jpg,cylinderHeads
1044,2e10c136a5.jpg,cylinderHeads
1045,ad9483b1a5.jpg,cylinderHeads
1046,8c90ae6b47.jpg,cylinderHeads
1047,cabaf6b431.jpg,cylinderHeads
1048,4a9e8b2084.jpg,cylinderHeads
1049,69627ba4ff.jpg,cylinderHeads
1050,2a7f526864.jpg,cylinderHeads
1051,b31b5e9db5.jpg,cylinderHeads
1052,180f831a92.jpg,cylinderHeads
1053,9c829165b0.jpg,cylinderHeads
1054,a9823165c2.jpg,cylinderHeads
1055,4e73d038e0.jpg,cylinderHeads
1056,5eccab4c1e.jpg,cylinderHeads
1057,a1af54b94f.jpg,cylinderHeads
1058,56d7b49f2b.jpg,cylinderHeads
1059,c5efdea911.jpg,cylinderHeads
1060,14df7865c3.jpg,cylinderHeads
1061,2a1845dd5a.jpg,cylinderHeads
1062,a17c958c65.jpg,cylinderHeads
1063,27a2808c98.jpg,cylinderHeads
1064,8d03dd91c1.jpg,cylinderHeads
1065,86ec65b827.jpg,cylinderHeads
1066,badcbc0a4e.jpg,cylinderHeads
1067,674603a977.jpg,cylinderHeads
1068,f31e925596.jpg,cylinderHeads
1069,dd536453e6.jpg,cylinderHeads
1070,2dbd0ecfbd.jpg,cylinderHeads
1071,54f7aa5777.jpg,cylinderHeads
1072,e6517cf36a.jpg,cylinderHeads
1073,26f9784db6.jpg,cylinderHeads
1074,f6dec52e43.jpg,cylinderHeads
1075,1da62abbdf.jpg,cylinderHeads
1076,a578247ba4.jpg,cylinderHeads
1077,d1814e88a3.jpg,cylinderHeads
1078,1dc3029c48.jpg,cylinderHeads
1079,d6fbb80b77.jpg,cylinderHeads
1080,841f084534.jpg,cylinderHeads
1081,d844e25685.jpg,cylinderHeads
1082,552429ec62.jpg,cylinderHeads
1083,1575bc5c27.jpg,cylinderHeads
1084,6f7f0a7f7d.jpg,cylinderHeads
1085,587200dbad.jpg,cylinderHeads
1086,da1c42a35a.jpg,cylinderHeads
1087,7b36a303df.jpg,cylinderHeads
1088,deb9f47d09.jpg,cylinderHeads
1089,796c74b4f7.jpg,cylinderHeads
1090,9c00b4e86e.jpg,cylinderHeads
1091,a0c9d3ab78.jpg,cylinderHeads
1092,11439a0e8a.jpg,cylinderHeads
1093,ae6f76cd33.jpg,cylinderHeads
1094,8bd74493d6.jpg,cylinderHeads
1095,a1198b5f2b.jpg,cylinderHeads
1096,1144ab6314.jpg,cylinderHeads
1097,03ddeac397.jpg,cylinderHeads
1098,dba75b7b29.jpg,cylinderHeads
1099,3d5a663fea.jpg,cylinderHeads
1100,d60f6d977c.jpg,cylinderHeads
1101,8fd1d8f3b6.jpg,cylinderHeads
1102,4a45e0d494.jpg,cylinderHeads
1103,3e8b23b079.jpg,cylinderHeads
1104,805ffc5a0f.jpg,cylinderHeads
1105,865b833baa.jpg,cylinderHeads
1106,e771563648.jpg,cylinderHeads
1107,7a42e2ff46.jpg,cylinderHeads
1108,aea54597ea.jpg,cylinderHeads
1109,ecafff328d.jpg,cylinderHeads
1110,55c6b2e0cb.jpg,cylinderHeads
1111,c74c2e63d1.jpg,cylinderHeads
1112,adc662e02b.jpg,cylinderHeads
1113,332f2c9f03.jpg,cylinderHeads
1114,74d9b2863a.jpg,cylinderHeads
1115,f508cd1e8d.jpg,cylinderHeads
1116,bbc8586cea.jpg,cylinderHeads
1117,d496355ce2.jpg,cylinderHeads
1118,b4b2e5225c.jpg,cylinderHeads
1119,a0299d323f.jpg,cylinderHeads
1120,ab9162b1be.jpg,cylinderHeads
1121,2d4e82d429.jpg,cylinderHeads
1122,25bdb6ad78.jpg,cylinderHeads
1123,341c95c9de.jpg,cylinderHeads
1124,d9c2bfe852.jpg,cylinderHeads
1125,6d4945e91b.jpg,cylinderHeads
1126,6fbfe6b9e1.jpg,cylinderHeads
1127,1dc0d459c4.jpg,cylinderHeads
1128,6af5817e09.jpg,cylinderHeads
1129,354c6d5e51.jpg,cylinderHeads
1130,0d007d1c1d.jpg,cylinderHeads
1131,a37f2470ab.jpg,cylinderHeads
1132,642d8ea59e.jpg,cylinderHeads
1133,8bfc1cca54.jpg,cylinderHeads
1134,c21f0375c8.jpg,cylinderHeads
1135,7df2b111fe.jpg,cylinderHeads
1136,fb65c769e2.jpg,cylinderHeads
1137,6cdcb51028.jpg,cylinderHeads
1138,44890fb5af.jpg,cylinderHeads
1139,69a18929fb.jpg,cylinderHeads
1140,7bd544667f.jpg,cylinderHeads
1141,2ba8699a93.jpg,cylinderHeads
1142,fc8caa3f8c.jpg,cylinderHeads
1143,df4a12bddd.jpg,cylinderHeads
1144,9596d334af.jpg,cylinderHeads
1145,038134614a.jpg,cylinderHeads
1146,6fa4321fbb.jpg,cylinderHeads
1147,8d971790a2.jpg,cylinderHeads
1148,6bd11167f3.jpg,cylinderHeads
1149,45ed02bec2.jpg,cylinderHeads
1150,54edf4c1a6.jpg,cylinderHeads
1151,79badea1ec.jpg,cylinderHeads
1152,21c4947ca6.jpg,cylinderHeads
1153,8baef8b951.jpg,cylinderHeads
1154,1a640ae7a6.jpg,cylinderHeads
1155,1da4f99700.jpg,cylinderHeads
1156,4d199e130a.jpg,cylinderHeads
1157,623345f739.jpg,cylinderHeads
1158,fe088ac4c6.jpg,cylinderHeads
1159,a0a1e578a7.jpg,cylinderHeads
1160,f74666371e.jpg,cylinderHeads
1161,684526c6aa.jpg,cylinderHeads
1162,17897628fd.jpg,cylinderHeads
1163,58f0035043.jpg,cylinderHeads
1164,dfbeb1265c.jpg,cylinderHeads
1165,6ce887b908.jpg,cylinderHeads
1166,f2f5a34299.jpg,cylinderHeads
1167,fda144a245.jpg,cylinderHeads
1168,956b2e545a.jpg,cylinderHeads
1169,23c840e73e.jpg,cylinderHeads
1170,0915e98c66.jpg,cylinderHeads
1171,5f5f8b4025.jpg,cylinderHeads
1172,3d1447f578.jpg,cylinderHeads
1173,1a0870bd60.jpg,cylinderHeads
1174,80d4ba1cd6.jpg,cylinderHeads
1175,ec0908c422.jpg,cylinderHeads
1176,9d1096336d.jpg,cylinderHeads
1177,073d6f60a6.jpg,cylinderHeads
1178,1883167047.jpg,cylinderHeads
1179,d6e8e924bd.jpg,cylinderHeads
1180,9d5192bfec.jpg,cylinderHeads
1181,562d3d5692.jpg,cylinderHeads
1182,bf8ed57540.jpg,cylinderHeads
1183,f5142cdb13.jpg,cylinderHeads
1184,f8c2ff9bd6.jpg,cylinderHeads
1185,ac7df4ba25.jpg,cylinderHeads
1186,7f8653eefe.jpg,cylinderHeads
1187,22694bbf5b.jpg,cylinderHeads
1188,32496a65d1.jpg,cylinderHeads
1189,3294c898f1.jpg,cylinderHeads
1190,794e198ba8.jpg,cylinderHeads
1191,7a4ec9e892.jpg,cylinderHeads
1192,5cdb045ea0.jpg,cylinderHeads
1193,6d07b812ff.jpg,cylinderHeads
1194,b3e5535d59.jpg,cylinderHeads
1195,70766ca1f0.jpg,cylinderHeads
1196,43f3e11202.jpg,cylinderHeads
1197,d51ffd1481.jpg,cylinderHeads
1198,0afc3e5a94.jpg,cylinderHeads
1199,947e43f288.jpg,cylinderHeads
1200,71e20df56a.jpg,cylinderHeads
1201,7c30101fd3.jpg,cylinderHeads
1202,916d10b242.jpg,cylinderHeads
1203,2dd420168b.jpg,cylinderHeads
1204,a3a2bc4982.jpg,cylinderHeads
1205,ad6994d3ef.jpg,cylinderHeads
1206,d4b5875667.jpg,cylinderHeads
1207,378c6a4733.jpg,cylinderHeads
1208,ef11c4e071.jpg,cylinderHeads
1209,9c8ab1d291.jpg,cylinderHeads
1210,ef355a541a.jpg,cylinderHeads
1211,2b65ad204e.jpg,cylinderHeads
1212,abbff7157b.jpg,cylinderHeads
1213,b99946b67a.jpg,cylinderHeads
1214,6cd644512c.jpg,cylinderHeads
1215,3d81bd03c8.jpg,cylinderHeads
1216,711b25aeae.jpg,cylinderHeads
1217,8228d6ea35.jpg,cylinderHeads
1218,35949675dc.jpg,cylinderHeads
1219,5cbedad8ee.jpg,cylinderHeads
1220,959a906c52.jpg,cylinderHeads
1221,cf95db2df3.jpg,cylinderHeads
1222,0de916d069.jpg,cylinderHeads
1223,58b9fad083.jpg,cylinderHeads
1224,433aaf6e24.jpg,cylinderHeads
1225,86a8f01884.jpg,cylinderHeads
1226,412ac7526a.jpg,cylinderHeads
1227,4a18292c10.jpg,cylinderHeads
1228,5abafe5dd3.jpg,cylinderHeads
1229,fd46f45667.jpg,cylinderHeads
1230,6f99219639.jpg,cylinderHeads
1231,cf64ae6522.jpg,cylinderHeads
1232,3ae265d81d.jpg,cylinderHeads
1233,74df40d238.jpg,cylinderHeads
1234,e59efd069c.jpg,cylinderHeads
1235,423e6598f1.jpg,cylinderHeads
