,Unnamed: 0,image_id,category,type
934,934,b8d61c3878.jpg,timingBelt,train
1099,1099,3d5a663fea.jpg,cylinderHeads,train
620,620,948798fe58.jpg,crankShaft,train
1164,1164,dfbeb1265c.jpg,cylinderHeads,train
1226,1226,412ac7526a.jpg,cylinderHeads,train
679,679,0e07b993f6.jpg,crankShaft,train
968,968,b9f2852d7d.jpg,cylinderHeads,train
1004,1004,c9f4368ce0.jpg,cylinderHeads,train
298,298,08bf505d15.jpg,engineBlock,train
1095,1095,a1198b5f2b.jpg,cylinderHeads,train
117,117,42eeb1bbbe.jpg,engineBlock,train
987,987,6edceec8e1.jpg,cylinderHeads,train
1149,1149,45ed02bec2.jpg,cylinderHeads,train
203,203,b56102332b.jpg,engineBlock,train
1058,1058,56d7b49f2b.jpg,cylinderHeads,train
420,420,418bbd7759.jpg,piston,train
699,699,a22fb697e8.jpg,crankShaft,train
811,811,cd5ab36953.jpg,timingBelt,train
264,264,1c8c73ae63.jpg,engineBlock,train
857,857,95454fafa9.jpg,timingBelt,train
671,671,22773ac573.jpg,crankShaft,train
959,959,253d3bf9b1.jpg,cylinderHeads,train
185,185,bd41d3efa7.jpg,engineBlock,train
913,913,13d5df9280.jpg,timingBelt,train
700,700,59cf210ec6.jpg,crankShaft,train
907,907,b5922fb367.jpg,timingBelt,train
815,815,a8147b6b17.jpg,timingBelt,train
285,285,782cd63418.jpg,engineBlock,train
903,903,0bdd59240c.jpg,timingBelt,train
322,322,e5d935f638.jpg,engineBlock,train
506,506,e1e4bb42b2.jpg,piston,train
752,752,8a0fe6b17b.jpg,timingBelt,train
425,425,ccc526b79f.jpg,piston,train
356,356,0f84c2bb93.jpg,engineBlock,train
371,371,9e630663be.jpg,engineBlock,train
652,652,21ac50568b.jpg,crankShaft,train
227,227,545bfbb6c3.jpg,engineBlock,train
972,972,763f6d3fca.jpg,cylinderHeads,train
595,595,18a5d93e95.jpg,crankShaft,train
222,222,a3f7c55f9a.jpg,engineBlock,train
527,527,9c068d8982.jpg,crankShaft,train
864,864,9e952523f7.jpg,timingBelt,train
251,251,b631076e94.jpg,engineBlock,train
313,313,9a24c80a1c.jpg,engineBlock,train
179,179,ed387b1e67.jpg,engineBlock,train
368,368,5d70713f1c.jpg,engineBlock,train
238,238,157d53df88.jpg,engineBlock,train
552,552,f0ca4cea71.jpg,crankShaft,train
736,736,b63468469d.jpg,timingBelt,train
364,364,f68a7db9ef.jpg,engineBlock,train
706,706,292276d5da.jpg,timingBelt,train
640,640,570edcd520.jpg,crankShaft,train
335,335,19aecd390f.jpg,engineBlock,train
1096,1096,1144ab6314.jpg,cylinderHeads,train
965,965,fb70b90fef.jpg,cylinderHeads,train
978,978,3f5d611117.jpg,cylinderHeads,train
789,789,ca4a49032f.jpg,timingBelt,train
1089,1089,796c74b4f7.jpg,cylinderHeads,train
663,663,101e3faa82.jpg,crankShaft,train
390,390,b5416f1d16.jpg,piston,train
1135,1135,7df2b111fe.jpg,cylinderHeads,train
869,869,44fac383a4.jpg,timingBelt,train
982,982,89a70f6332.jpg,cylinderHeads,train
9,9,9538d6ef1f.jpg,engineBlock,train
905,905,2fb0b838fd.jpg,timingBelt,train
397,397,7ae71b828c.jpg,piston,train
82,82,09c3cf61b4.jpg,engineBlock,train
1138,1138,44890fb5af.jpg,cylinderHeads,train
1160,1160,f74666371e.jpg,cylinderHeads,train
26,26,4e4bae4d8b.jpg,engineBlock,train
404,404,046314b3c7.jpg,piston,train
414,414,b8f8b91446.jpg,piston,train
168,168,66fda5d113.jpg,engineBlock,train
11,11,5c312a6e15.jpg,engineBlock,train
626,626,87d059fafe.jpg,crankShaft,train
566,566,747674f86d.jpg,crankShaft,train
1166,1166,f2f5a34299.jpg,cylinderHeads,train
1101,1101,8fd1d8f3b6.jpg,cylinderHeads,train
828,828,e53ff4aac8.jpg,timingBelt,train
1002,1002,bf6aa7797c.jpg,cylinderHeads,train
1041,1041,b06963fa4b.jpg,cylinderHeads,train
847,847,a4379faf80.jpg,timingBelt,train
138,138,892307c6b1.jpg,engineBlock,train
90,90,aa6b290ad8.jpg,engineBlock,train
571,571,fb2396d960.jpg,crankShaft,train
625,625,2906eed894.jpg,crankShaft,train
737,737,5649e2e6d2.jpg,timingBelt,train
916,916,fc8763bfa5.jpg,timingBelt,train
599,599,fc8bc7b94d.jpg,crankShaft,train
1045,1045,ad9483b1a5.jpg,cylinderHeads,train
266,266,3fda0d0b8e.jpg,engineBlock,train
458,458,67bc714da3.jpg,piston,train
591,591,be31657240.jpg,crankShaft,train
516,516,280b77095c.jpg,crankShaft,train
19,19,15e8fc1ccf.jpg,engineBlock,train
2,2,0a06a44398.jpg,engineBlock,train
407,407,181525dd28.jpg,piston,train
648,648,eee1e94124.jpg,crankShaft,train
941,941,7c48e5674f.jpg,timingBelt,train
143,143,9ecefcbc8f.jpg,engineBlock,train
118,118,eb03b791fc.jpg,engineBlock,train
413,413,eb30d344d3.jpg,piston,train
169,169,87e46e10b1.jpg,engineBlock,train
151,151,d133444ba6.jpg,engineBlock,train
1111,1111,c74c2e63d1.jpg,cylinderHeads,train
839,839,d5d51cf21f.jpg,timingBelt,train
879,879,06ceb4a610.jpg,timingBelt,train
889,889,907bcf66b5.jpg,timingBelt,train
1225,1225,86a8f01884.jpg,cylinderHeads,train
607,607,fca72c1b09.jpg,crankShaft,train
755,755,fe0e7733cf.jpg,timingBelt,train
210,210,231ee5de4e.jpg,engineBlock,train
970,970,0c01cff579.jpg,cylinderHeads,train
897,897,69236ed24d.jpg,timingBelt,train
638,638,2e88468c9f.jpg,crankShaft,train
619,619,c0ea7258c7.jpg,crankShaft,train
125,125,bbc1c1fbcf.jpg,engineBlock,train
258,258,2e41f30d50.jpg,engineBlock,train
624,624,82f11d83ef.jpg,crankShaft,train
36,36,1327d7da5c.jpg,engineBlock,train
320,320,cc4cc8990e.jpg,engineBlock,train
96,96,0a0baa77b9.jpg,engineBlock,train
316,316,89361260c7.jpg,engineBlock,train
273,273,0da8b9cc35.jpg,engineBlock,train
784,784,0409c7cc92.jpg,timingBelt,train
675,675,f3850e1bc0.jpg,crankShaft,train
1200,1200,71e20df56a.jpg,cylinderHeads,train
631,631,8572581d9f.jpg,crankShaft,train
71,71,037161cc94.jpg,engineBlock,train
596,596,be73457ac4.jpg,crankShaft,train
948,948,caf75e6a65.jpg,cylinderHeads,train
958,958,473a9756f6.jpg,cylinderHeads,train
421,421,a325771739.jpg,piston,train
1085,1085,587200dbad.jpg,cylinderHeads,train
555,555,b580e4dff3.jpg,crankShaft,train
66,66,96c0dc328c.jpg,engineBlock,train
375,375,b9c6847716.jpg,engineBlock,train
962,962,bce74a768c.jpg,cylinderHeads,train
1069,1069,dd536453e6.jpg,cylinderHeads,train
574,574,1bdb6d7eec.jpg,crankShaft,train
578,578,342f2d3aae.jpg,crankShaft,train
275,275,130905773a.jpg,engineBlock,train
741,741,b959195316.jpg,timingBelt,train
480,480,b4e29aaaf8.jpg,piston,train
433,433,84340d52b4.jpg,piston,train
1063,1063,27a2808c98.jpg,cylinderHeads,train
1193,1193,6d07b812ff.jpg,cylinderHeads,train
23,23,18947b3c75.jpg,engineBlock,train
336,336,b04887dc91.jpg,engineBlock,train
898,898,f0d86e8c66.jpg,timingBelt,train
616,616,e6c403e5c0.jpg,crankShaft,train
669,669,372fa5b596.jpg,crankShaft,train
860,860,ff2ec07a2d.jpg,timingBelt,train
241,241,e0000be80e.jpg,engineBlock,train
1049,1049,69627ba4ff.jpg,cylinderHeads,train
511,511,72abbf7f1f.jpg,piston,train
1015,1015,deca3634e0.jpg,cylinderHeads,train
105,105,fba713dc63.jpg,engineBlock,train
674,674,118b85790a.jpg,crankShaft,train
681,681,b60dbf73f5.jpg,crankShaft,train
788,788,9e3ab90bc0.jpg,timingBelt,train
751,751,11615a6eb3.jpg,timingBelt,train
1227,1227,4a18292c10.jpg,cylinderHeads,train
1076,1076,a578247ba4.jpg,cylinderHeads,train
35,35,8562ec899b.jpg,engineBlock,train
509,509,9e1cc2928e.jpg,piston,train
872,872,a0132c6c67.jpg,timingBelt,train
204,204,8def3ec043.jpg,engineBlock,train
715,715,90b30a7a8f.jpg,timingBelt,train
189,189,8456a8e6ca.jpg,engineBlock,train
351,351,f7687b08a9.jpg,engineBlock,train
276,276,fad23c7197.jpg,engineBlock,train
1150,1150,54edf4c1a6.jpg,cylinderHeads,train
441,441,0dc6e0455f.jpg,piston,train
608,608,e0158dcb47.jpg,crankShaft,train
688,688,56753ff99d.jpg,crankShaft,train
1184,1184,f8c2ff9bd6.jpg,cylinderHeads,train
953,953,5b74bd9695.jpg,cylinderHeads,train
623,623,d25a59145b.jpg,crankShaft,train
455,455,5d2684f69b.jpg,piston,train
927,927,4da88b7f3a.jpg,timingBelt,train
802,802,2348452314.jpg,timingBelt,train
950,950,991af6f133.jpg,cylinderHeads,train
1134,1134,c21f0375c8.jpg,cylinderHeads,train
89,89,ba78d737a5.jpg,engineBlock,train
605,605,dfed36c133.jpg,crankShaft,train
247,247,61052cd2f8.jpg,engineBlock,train
629,629,d4bb308e9c.jpg,crankShaft,train
444,444,028d13cc96.jpg,piston,train
510,510,21c5e7d812.jpg,piston,train
56,56,80a416afd1.jpg,engineBlock,train
793,793,b5c686316b.jpg,timingBelt,train
979,979,416a3c9f79.jpg,cylinderHeads,train
917,917,768ee3f1d4.jpg,timingBelt,train
601,601,8871af5bef.jpg,crankShaft,train
840,840,6a36a84a22.jpg,timingBelt,train
354,354,d41e3adbf0.jpg,engineBlock,train
680,680,45540c72a7.jpg,crankShaft,train
144,144,6f2c2fb23c.jpg,engineBlock,train
338,338,37b3fadc1d.jpg,engineBlock,train
463,463,04f9de6e3e.jpg,piston,train
483,483,96c1899a17.jpg,piston,train
564,564,d15f79f8a4.jpg,crankShaft,train
1067,1067,674603a977.jpg,cylinderHeads,train
174,174,706514f81d.jpg,engineBlock,train
606,606,0b09ff2d93.jpg,crankShaft,train
75,75,a7876e9012.jpg,engineBlock,train
1013,1013,006e2f5752.jpg,cylinderHeads,train
8,8,0568e4f6a8.jpg,engineBlock,train
646,646,517e260aee.jpg,crankShaft,train
52,52,5f453299ad.jpg,engineBlock,train
754,754,408f8ddf29.jpg,timingBelt,train
794,794,418ac4b69f.jpg,timingBelt,train
45,45,3eb340e4ed.jpg,engineBlock,train
451,451,04bf02a11d.jpg,piston,train
28,28,060bd8de2d.jpg,engineBlock,train
196,196,fc639e40fa.jpg,engineBlock,train
600,600,b93e8588ab.jpg,crankShaft,train
157,157,d882d763cc.jpg,engineBlock,train
884,884,0a0bedb79c.jpg,timingBelt,train
1042,1042,2f653c3ca9.jpg,cylinderHeads,train
1177,1177,073d6f60a6.jpg,cylinderHeads,train
166,166,6ff4bddfb0.jpg,engineBlock,train
1209,1209,9c8ab1d291.jpg,cylinderHeads,train
873,873,00088a2aa0.jpg,timingBelt,train
1064,1064,8d03dd91c1.jpg,cylinderHeads,train
776,776,50aa0916f5.jpg,timingBelt,train
308,308,91589fac76.jpg,engineBlock,train
366,366,a4195e838c.jpg,engineBlock,train
548,548,986d4a5d82.jpg,crankShaft,train
997,997,d4598da5c2.jpg,cylinderHeads,train
1017,1017,d32dea0872.jpg,cylinderHeads,train
170,170,d657658681.jpg,engineBlock,train
1132,1132,642d8ea59e.jpg,cylinderHeads,train
947,947,68498651dd.jpg,cylinderHeads,train
478,478,26f7475528.jpg,piston,train
668,668,92dad9fea3.jpg,crankShaft,train
367,367,e02d491a1d.jpg,engineBlock,train
474,474,a450f6a1ea.jpg,piston,train
1123,1123,341c95c9de.jpg,cylinderHeads,train
892,892,5ddaf2a848.jpg,timingBelt,train
91,91,b79a55dcf2.jpg,engineBlock,train
865,865,6749e753ad.jpg,timingBelt,train
563,563,6457a4f9ee.jpg,crankShaft,train
1113,1113,332f2c9f03.jpg,cylinderHeads,train
304,304,ec3a314386.jpg,engineBlock,train
954,954,a82be8e45a.jpg,cylinderHeads,train
721,721,3052f34a9b.jpg,timingBelt,train
769,769,3a38a557fe.jpg,timingBelt,train
262,262,c8dfc86983.jpg,engineBlock,train
269,269,8669e8157a.jpg,engineBlock,train
585,585,0e99fb674b.jpg,crankShaft,train
219,219,e9b0314038.jpg,engineBlock,train
334,334,e2453a2963.jpg,engineBlock,train
745,745,d5c4057aa1.jpg,timingBelt,train
778,778,7549b2dc18.jpg,timingBelt,train
568,568,14408772bc.jpg,crankShaft,train
1228,1228,5abafe5dd3.jpg,cylinderHeads,train
560,560,842d56a52d.jpg,crankShaft,train
1178,1178,1883167047.jpg,cylinderHeads,train
408,408,d01e5203ff.jpg,piston,train
526,526,b98f7b7aaa.jpg,crankShaft,train
1081,1081,d844e25685.jpg,cylinderHeads,train
502,502,6ea459e9b3.jpg,piston,train
1020,1020,dae97d43d7.jpg,cylinderHeads,train
929,929,4d0498a6ec.jpg,timingBelt,train
525,525,1059bbac17.jpg,crankShaft,train
1118,1118,b4b2e5225c.jpg,cylinderHeads,train
292,292,bc5ccab6a5.jpg,engineBlock,train
891,891,8c1e6f203a.jpg,timingBelt,train
547,547,e6e8a5ed73.jpg,crankShaft,train
145,145,805275915d.jpg,engineBlock,train
866,866,0b222a24d5.jpg,timingBelt,train
296,296,e24d63fc2d.jpg,engineBlock,train
871,871,6f22798ca0.jpg,timingBelt,train
938,938,91d3cfae50.jpg,timingBelt,train
311,311,eb28756f1e.jpg,engineBlock,train
1040,1040,13cba2250d.jpg,cylinderHeads,train
462,462,5908c0239f.jpg,piston,train
326,326,e2794f66a3.jpg,engineBlock,train
445,445,78fd92e651.jpg,piston,train
714,714,5bbf2b0e3f.jpg,timingBelt,train
854,854,ab5b87261c.jpg,timingBelt,train
1229,1229,fd46f45667.jpg,cylinderHeads,train
915,915,c64685b853.jpg,timingBelt,train
284,284,401bb843cf.jpg,engineBlock,train
465,465,992c60ffa7.jpg,piston,train
487,487,73322c94b7.jpg,piston,train
51,51,50107a06a8.jpg,engineBlock,train
177,177,91bbe76288.jpg,engineBlock,train
343,343,67f9260f7a.jpg,engineBlock,train
1198,1198,0afc3e5a94.jpg,cylinderHeads,train
770,770,2cc5086424.jpg,timingBelt,train
1218,1218,35949675dc.jpg,cylinderHeads,train
1031,1031,373cd2694d.jpg,cylinderHeads,train
65,65,4ef08326a9.jpg,engineBlock,train
281,281,7eb383d29b.jpg,engineBlock,train
30,30,903eedbe05.jpg,engineBlock,train
267,267,f54c66a3b7.jpg,engineBlock,train
639,639,f91908b8cd.jpg,crankShaft,train
923,923,99bf52e996.jpg,timingBelt,train
835,835,b66149a985.jpg,timingBelt,train
159,159,46908491e4.jpg,engineBlock,train
187,187,560d9a072d.jpg,engineBlock,train
1025,1025,cb6b101750.jpg,cylinderHeads,train
1211,1211,2b65ad204e.jpg,cylinderHeads,train
875,875,d28f27ed5c.jpg,timingBelt,train
991,991,0b18cf9525.jpg,cylinderHeads,train
653,653,54514be8fe.jpg,crankShaft,train
684,684,fa5ff8dadc.jpg,crankShaft,train
818,818,f1c888252e.jpg,timingBelt,train
670,670,c9ffe205f3.jpg,crankShaft,train
665,665,d98496802f.jpg,crankShaft,train
1154,1154,1a640ae7a6.jpg,cylinderHeads,train
912,912,348e28109f.jpg,timingBelt,train
403,403,daf37718cb.jpg,piston,train
303,303,9e0a5e2851.jpg,engineBlock,train
517,517,25cbe1d015.jpg,crankShaft,train
1140,1140,7bd544667f.jpg,cylinderHeads,train
832,832,ae9b0f2c41.jpg,timingBelt,train
154,154,2933524686.jpg,engineBlock,train
16,16,2e98d0f0e6.jpg,engineBlock,train
1153,1153,8baef8b951.jpg,cylinderHeads,train
1057,1057,a1af54b94f.jpg,cylinderHeads,train
583,583,5c58816ac2.jpg,crankShaft,train
973,973,a6bb64ae7d.jpg,cylinderHeads,train
1148,1148,6bd11167f3.jpg,cylinderHeads,train
1195,1195,70766ca1f0.jpg,cylinderHeads,train
130,130,4bd8c50216.jpg,engineBlock,train
310,310,fcf50d3a6d.jpg,engineBlock,train
952,952,c074f8105e.jpg,cylinderHeads,train
86,86,7971f8d81d.jpg,engineBlock,train
1039,1039,16c6b337c0.jpg,cylinderHeads,train
677,677,4977138334.jpg,crankShaft,train
62,62,6f5bf6bab6.jpg,engineBlock,train
708,708,98ce0175b1.jpg,timingBelt,train
528,528,1fddfab308.jpg,crankShaft,train
956,956,613ea89601.jpg,cylinderHeads,train
495,495,309ec83338.jpg,piston,train
824,824,5d049270f3.jpg,timingBelt,train
95,95,a59e07a921.jpg,engineBlock,train
999,999,11c90beebf.jpg,cylinderHeads,train
188,188,7e0bc882f6.jpg,engineBlock,train
618,618,7180d9191c.jpg,crankShaft,train
838,838,0024dc2c71.jpg,timingBelt,train
314,314,ce3acddac6.jpg,engineBlock,train
1037,1037,db34ce8952.jpg,cylinderHeads,train
126,126,936fdcd9ca.jpg,engineBlock,train
246,246,a5982990b1.jpg,engineBlock,train
496,496,a491fa5188.jpg,piston,train
112,112,ac16c5f505.jpg,engineBlock,train
1010,1010,6122c6e59a.jpg,cylinderHeads,train
233,233,7756eb48f5.jpg,engineBlock,train
1131,1131,a37f2470ab.jpg,cylinderHeads,train
1103,1103,3e8b23b079.jpg,cylinderHeads,train
1023,1023,335112b0c8.jpg,cylinderHeads,train
471,471,065c3cba76.jpg,piston,train
287,287,f34e0f1574.jpg,engineBlock,train
961,961,ca99e3fb05.jpg,cylinderHeads,train
415,415,721075d5dc.jpg,piston,train
992,992,1639ccb670.jpg,cylinderHeads,train
830,830,a1cd357388.jpg,timingBelt,train
1156,1156,4d199e130a.jpg,cylinderHeads,train
357,357,102389369c.jpg,engineBlock,train
452,452,173f85323d.jpg,piston,train
562,562,f8718210f3.jpg,crankShaft,train
100,100,1dab14a2c2.jpg,engineBlock,train
501,501,4489e85c9b.jpg,piston,train
614,614,9e505bafec.jpg,crankShaft,train
918,918,6f33bc3755.jpg,timingBelt,train
981,981,1be1789966.jpg,cylinderHeads,train
20,20,b61ed02a41.jpg,engineBlock,train
582,582,e7c2882597.jpg,crankShaft,train
175,175,ba4f792d88.jpg,engineBlock,train
806,806,a941a9735e.jpg,timingBelt,train
107,107,f23d5f6c19.jpg,engineBlock,train
120,120,effae88dc5.jpg,engineBlock,train
636,636,c6f821e687.jpg,crankShaft,train
831,831,24077ff652.jpg,timingBelt,train
42,42,a1a0a8e568.jpg,engineBlock,train
1197,1197,d51ffd1481.jpg,cylinderHeads,train
68,68,5812a714f6.jpg,engineBlock,train
998,998,260402f35a.jpg,cylinderHeads,train
70,70,14a7827385.jpg,engineBlock,train
406,406,6dbd7b7047.jpg,piston,train
1104,1104,805ffc5a0f.jpg,cylinderHeads,train
760,760,81a3e74c1d.jpg,timingBelt,train
476,476,1ee46b76f7.jpg,piston,train
944,944,d127b1cf03.jpg,cylinderHeads,train
391,391,500b71bbc4.jpg,piston,train
1212,1212,abbff7157b.jpg,cylinderHeads,train
791,791,8d4e7a50f2.jpg,timingBelt,train
1077,1077,d1814e88a3.jpg,cylinderHeads,train
58,58,a09932f501.jpg,engineBlock,train
319,319,c5b219bd64.jpg,engineBlock,train
735,735,5ac94120a4.jpg,timingBelt,train
542,542,7eb2864c47.jpg,crankShaft,train
538,538,5dd7f6d3a7.jpg,crankShaft,train
1167,1167,fda144a245.jpg,cylinderHeads,train
765,765,ab5721de71.jpg,timingBelt,train
25,25,906468a992.jpg,engineBlock,train
477,477,775cc3a30d.jpg,piston,train
928,928,03b7ed4c99.jpg,timingBelt,train
1207,1207,378c6a4733.jpg,cylinderHeads,train
1028,1028,3cda7b758f.jpg,cylinderHeads,train
664,664,08b2acfbed.jpg,crankShaft,train
914,914,7a2bbaa238.jpg,timingBelt,train
888,888,0901f05781.jpg,timingBelt,train
1043,1043,6fdd446b8d.jpg,cylinderHeads,train
1220,1220,959a906c52.jpg,cylinderHeads,train
1005,1005,942457ee1f.jpg,cylinderHeads,train
352,352,a5c5603d42.jpg,engineBlock,train
34,34,82c62c5ff8.jpg,engineBlock,train
69,69,d3a7d62f19.jpg,engineBlock,train
505,505,418f28ea63.jpg,piston,train
212,212,cc7b4a3bd5.jpg,engineBlock,train
787,787,9f7997f978.jpg,timingBelt,train
288,288,2497fdb0f0.jpg,engineBlock,train
22,22,cb2e4406b1.jpg,engineBlock,train
924,924,1bf0920769.jpg,timingBelt,train
1144,1144,9596d334af.jpg,cylinderHeads,train
324,324,3a86882f71.jpg,engineBlock,train
628,628,0d5c440058.jpg,crankShaft,train
739,739,a656ca0c80.jpg,timingBelt,train
162,162,cf19c42894.jpg,engineBlock,train
272,272,dca2083ca0.jpg,engineBlock,train
1083,1083,1575bc5c27.jpg,cylinderHeads,train
1079,1079,d6fbb80b77.jpg,cylinderHeads,train
859,859,f170db177c.jpg,timingBelt,train
236,236,ce3a709f16.jpg,engineBlock,train
279,279,9a0a4e0eae.jpg,engineBlock,train
291,291,6c53e01c45.jpg,engineBlock,train
436,436,4f38021266.jpg,piston,train
687,687,06c3603c63.jpg,crankShaft,train
666,666,123c15935a.jpg,crankShaft,train
709,709,acfd3eb721.jpg,timingBelt,train
870,870,f5e219a9a3.jpg,timingBelt,train
1202,1202,916d10b242.jpg,cylinderHeads,train
657,657,8801e28c07.jpg,crankShaft,train
868,868,dde60a1250.jpg,timingBelt,train
813,813,5e29fe421c.jpg,timingBelt,train
567,567,b183e34e2d.jpg,crankShaft,train
731,731,81e5783ca4.jpg,timingBelt,train
817,817,46372a66f7.jpg,timingBelt,train
108,108,943123dc30.jpg,engineBlock,train
360,360,d1e632b9c7.jpg,engineBlock,train
24,24,97b844b754.jpg,engineBlock,train
0,0,52fb49e00e.jpg,engineBlock,train
716,716,0d67998381.jpg,timingBelt,train
734,734,aaefb95dff.jpg,timingBelt,train
431,431,af2f9ef829.jpg,piston,train
419,419,625e6337a1.jpg,piston,train
816,816,c8ff718ba2.jpg,timingBelt,train
470,470,8110ba86df.jpg,piston,train
1169,1169,23c840e73e.jpg,cylinderHeads,train
152,152,8d6e82829e.jpg,engineBlock,train
531,531,a15cacc2be.jpg,crankShaft,train
396,396,94ae6fcdd4.jpg,piston,train
457,457,7a83b53ff8.jpg,piston,train
749,749,3f62557d43.jpg,timingBelt,train
103,103,dd52f4c717.jpg,engineBlock,train
1070,1070,2dbd0ecfbd.jpg,cylinderHeads,train
229,229,ea567f7c4f.jpg,engineBlock,train
1187,1187,22694bbf5b.jpg,cylinderHeads,train
358,358,dd5f0209b6.jpg,engineBlock,train
540,540,3786f0ebd9.jpg,crankShaft,train
482,482,cec190cc75.jpg,piston,train
717,717,bb936a84ba.jpg,timingBelt,train
341,341,18d5097c61.jpg,engineBlock,train
239,239,d14eb18631.jpg,engineBlock,train
559,559,bb36d1cc79.jpg,crankShaft,train
557,557,6959b1940d.jpg,crankShaft,train
380,380,b7a1c31e81.jpg,piston,train
1106,1106,e771563648.jpg,cylinderHeads,train
521,521,68780f3194.jpg,crankShaft,train
309,309,d796622fc2.jpg,engineBlock,train
248,248,2558c93ae1.jpg,engineBlock,train
1108,1108,aea54597ea.jpg,cylinderHeads,train
92,92,700459707d.jpg,engineBlock,train
1155,1155,1da4f99700.jpg,cylinderHeads,train
1175,1175,ec0908c422.jpg,cylinderHeads,train
201,201,0086ad50f5.jpg,engineBlock,train
1145,1145,038134614a.jpg,cylinderHeads,train
392,392,d5b6c6c7a8.jpg,piston,train
384,384,7eb1a17565.jpg,piston,train
115,115,89c559b6cf.jpg,engineBlock,train
705,705,b05ec40fee.jpg,timingBelt,train
1094,1094,8bd74493d6.jpg,cylinderHeads,train
113,113,a142464564.jpg,engineBlock,train
809,809,6831ee1804.jpg,timingBelt,train
1172,1172,3d1447f578.jpg,cylinderHeads,train
995,995,3e2f56e94a.jpg,cylinderHeads,train
1139,1139,69a18929fb.jpg,cylinderHeads,train
622,622,e2b8b72ec2.jpg,crankShaft,train
1176,1176,9d1096336d.jpg,cylinderHeads,train
549,549,7e6c4ab95e.jpg,crankShaft,train
302,302,ab1d55ab13.jpg,engineBlock,train
1047,1047,cabaf6b431.jpg,cylinderHeads,train
561,561,63ddabfb0e.jpg,crankShaft,train
890,890,411d84a734.jpg,timingBelt,train
936,936,9296253f49.jpg,timingBelt,train
318,318,5d7e17881c.jpg,engineBlock,train
214,214,7baec7a1e1.jpg,engineBlock,train
315,315,ef660cbbde.jpg,engineBlock,train
73,73,bc3b0fa825.jpg,engineBlock,train
359,359,b2fd597f94.jpg,engineBlock,train
863,863,e5f0f91a00.jpg,timingBelt,train
662,662,7350640ecd.jpg,crankShaft,train
695,695,fd52a2eec6.jpg,crankShaft,train
377,377,e2d2859054.jpg,engineBlock,train
317,317,2b9f4a6fdc.jpg,engineBlock,train
942,942,1238be7ca6.jpg,timingBelt,train
1078,1078,1dc3029c48.jpg,cylinderHeads,train
792,792,c3b38d003e.jpg,timingBelt,train
492,492,b7105064a9.jpg,piston,train
278,278,db499da568.jpg,engineBlock,train
398,398,0d20177d1e.jpg,piston,train
617,617,9d2ca279b7.jpg,crankShaft,train
1065,1065,86ec65b827.jpg,cylinderHeads,train
1090,1090,9c00b4e86e.jpg,cylinderHeads,train
469,469,0d0af08fe0.jpg,piston,train
479,479,29844be100.jpg,piston,train
1120,1120,ab9162b1be.jpg,cylinderHeads,train
172,172,2217643579.jpg,engineBlock,train
234,234,1b9e408a1a.jpg,engineBlock,train
244,244,cd60b8f97e.jpg,engineBlock,train
1151,1151,79badea1ec.jpg,cylinderHeads,train
32,32,429813df9d.jpg,engineBlock,train
593,593,4a197e4c11.jpg,crankShaft,train
946,946,710c5e98ad.jpg,cylinderHeads,train
290,290,14832d6fb8.jpg,engineBlock,train
460,460,d8ed6ccfd3.jpg,piston,train
644,644,b904e0afe2.jpg,crankShaft,train
886,886,5a02cb8be6.jpg,timingBelt,train
161,161,f692893f9d.jpg,engineBlock,train
293,293,76f09361cf.jpg,engineBlock,train
1038,1038,24ff2da549.jpg,cylinderHeads,train
1053,1053,9c829165b0.jpg,cylinderHeads,train
743,743,4c13d6c0a0.jpg,timingBelt,train
132,132,c70563e119.jpg,engineBlock,train
61,61,a24d8b7fa7.jpg,engineBlock,train
543,543,77b90d1982.jpg,crankShaft,train
1136,1136,fb65c769e2.jpg,cylinderHeads,train
637,637,f6afc85455.jpg,crankShaft,train
332,332,ba161192b3.jpg,engineBlock,train
513,513,5296d2a946.jpg,piston,train
1054,1054,a9823165c2.jpg,cylinderHeads,train
883,883,f857241975.jpg,timingBelt,train
1007,1007,5fc8968e3f.jpg,cylinderHeads,train
449,449,238b781dc5.jpg,piston,train
427,427,92e00a44e7.jpg,piston,train
1206,1206,d4b5875667.jpg,cylinderHeads,train
53,53,86b2154997.jpg,engineBlock,train
724,724,3e930734a6.jpg,timingBelt,train
148,148,933b5b80ed.jpg,engineBlock,train
256,256,a083842a6d.jpg,engineBlock,train
417,417,be1e2ba028.jpg,piston,train
963,963,5cc57badd0.jpg,cylinderHeads,train
960,960,bb1bc43a0a.jpg,cylinderHeads,train
594,594,416a264080.jpg,crankShaft,train
344,344,bbc0f3ce55.jpg,engineBlock,train
822,822,3f6b473fef.jpg,timingBelt,train
790,790,52ab7cb30c.jpg,timingBelt,train
1001,1001,d599badcb8.jpg,cylinderHeads,train
1060,1060,14df7865c3.jpg,cylinderHeads,train
1098,1098,dba75b7b29.jpg,cylinderHeads,train
202,202,07ff3874bd.jpg,engineBlock,train
876,876,85e9da6833.jpg,timingBelt,train
306,306,9797c22640.jpg,engineBlock,train
1157,1157,623345f739.jpg,cylinderHeads,train
220,220,71fc587f8e.jpg,engineBlock,train
388,388,02407450de.jpg,piston,train
597,597,7f1e130715.jpg,crankShaft,train
782,782,70176f91ac.jpg,timingBelt,train
217,217,7ae7a8bcf8.jpg,engineBlock,train
1171,1171,5f5f8b4025.jpg,cylinderHeads,train
514,514,3f8f0005e3.jpg,crankShaft,train
848,848,52018193a3.jpg,timingBelt,train
949,949,14a434d8a5.jpg,cylinderHeads,train
1016,1016,46bb3db36d.jpg,cylinderHeads,train
67,67,5fb2af7cc9.jpg,engineBlock,train
488,488,d8b83a0779.jpg,piston,train
47,47,81e6d1fd0f.jpg,engineBlock,train
768,768,7b33563b8e.jpg,timingBelt,train
1021,1021,656847641f.jpg,cylinderHeads,train
265,265,57f2edd404.jpg,engineBlock,train
395,395,28d29ca99b.jpg,piston,train
518,518,f73093ed44.jpg,crankShaft,train
1210,1210,ef355a541a.jpg,cylinderHeads,train
365,365,cfa1e34517.jpg,engineBlock,train
206,206,791160299b.jpg,engineBlock,train
851,851,f39cebfa8b.jpg,timingBelt,train
697,697,720195294d.jpg,crankShaft,train
183,183,36acf72db9.jpg,engineBlock,train
1203,1203,2dd420168b.jpg,cylinderHeads,train
1208,1208,ef11c4e071.jpg,cylinderHeads,train
1147,1147,8d971790a2.jpg,cylinderHeads,train
55,55,867d606ac1.jpg,engineBlock,train
399,399,0764f0d654.jpg,piston,train
845,845,ef79412a27.jpg,timingBelt,train
753,753,a41d15c14d.jpg,timingBelt,train
29,29,de820a6ed2.jpg,engineBlock,train
1059,1059,c5efdea911.jpg,cylinderHeads,train
1159,1159,a0a1e578a7.jpg,cylinderHeads,train
858,858,5ac600f821.jpg,timingBelt,train
199,199,23ddf81a86.jpg,engineBlock,train
345,345,761269a688.jpg,engineBlock,train
131,131,a0eae3356c.jpg,engineBlock,train
773,773,6b934926d1.jpg,timingBelt,train
969,969,47b036eb20.jpg,cylinderHeads,train
780,780,c34873d559.jpg,timingBelt,train
1033,1033,65c93c36af.jpg,cylinderHeads,train
231,231,c224c63b3b.jpg,engineBlock,train
163,163,0093af3871.jpg,engineBlock,train
977,977,a5f85a0e22.jpg,cylinderHeads,train
1126,1126,6fbfe6b9e1.jpg,cylinderHeads,train
1124,1124,d9c2bfe852.jpg,cylinderHeads,train
49,49,a3d75aaacb.jpg,engineBlock,train
443,443,93244ae0ce.jpg,piston,train
85,85,337cff26cf.jpg,engineBlock,train
393,393,d86fff52c8.jpg,piston,train
656,656,5748f9c2e0.jpg,crankShaft,train
499,499,123da4e402.jpg,piston,train
485,485,4bf32f3023.jpg,piston,train
523,523,083fa51ca4.jpg,crankShaft,train
101,101,30c500c41a.jpg,engineBlock,train
195,195,e07246cbc6.jpg,engineBlock,train
1174,1174,80d4ba1cd6.jpg,cylinderHeads,train
17,17,d19c742a26.jpg,engineBlock,train
772,772,c9e806199a.jpg,timingBelt,train
394,394,082e118fd6.jpg,piston,train
1036,1036,8e78187663.jpg,cylinderHeads,train
1019,1019,b96189dfad.jpg,cylinderHeads,train
114,114,87cecf8629.jpg,engineBlock,train
1194,1194,b3e5535d59.jpg,cylinderHeads,train
263,263,09d383124e.jpg,engineBlock,train
702,702,82123de344.jpg,crankShaft,train
698,698,75afea65ac.jpg,crankShaft,train
54,54,fb53eb5612.jpg,engineBlock,train
779,779,47ce42fb2c.jpg,timingBelt,train
277,277,3541b516b1.jpg,engineBlock,train
123,123,44d2ccaa41.jpg,engineBlock,train
1142,1142,fc8caa3f8c.jpg,cylinderHeads,train
589,589,439d84168f.jpg,crankShaft,train
64,64,d04a8a026e.jpg,engineBlock,train
658,658,c7d0228fa5.jpg,crankShaft,train
136,136,f913036eef.jpg,engineBlock,train
1082,1082,552429ec62.jpg,cylinderHeads,train
312,312,d8a6a1d9fd.jpg,engineBlock,train
230,230,230ba6f447.jpg,engineBlock,train
796,796,87b5a6cd0f.jpg,timingBelt,train
207,207,5af06f25a3.jpg,engineBlock,train
63,63,5a34722c21.jpg,engineBlock,train
77,77,d743c6c06f.jpg,engineBlock,train
353,353,87fd494773.jpg,engineBlock,train
1062,1062,a17c958c65.jpg,cylinderHeads,train
719,719,bfb113b41f.jpg,timingBelt,train
579,579,e0a04969e1.jpg,crankShaft,train
867,867,bc3b6b6729.jpg,timingBelt,train
990,990,13d9abd084.jpg,cylinderHeads,train
5,5,21c205ff45.jpg,engineBlock,train
438,438,961e45d059.jpg,piston,train
612,612,14ec9543d1.jpg,crankShaft,train
975,975,24b16fd919.jpg,cylinderHeads,train
529,529,143e8a3d44.jpg,crankShaft,train
774,774,bd410bd304.jpg,timingBelt,train
1180,1180,9d5192bfec.jpg,cylinderHeads,train
156,156,414cca5dbf.jpg,engineBlock,train
467,467,8022b0552b.jpg,piston,train
423,423,1a3ee48f37.jpg,piston,train
704,704,0e92cc1155.jpg,timingBelt,train
450,450,6d6f734625.jpg,piston,train
580,580,5665e72d02.jpg,crankShaft,train
1216,1216,711b25aeae.jpg,cylinderHeads,train
215,215,a72570c4e4.jpg,engineBlock,train
759,759,ff74efa2c6.jpg,timingBelt,train
1152,1152,21c4947ca6.jpg,cylinderHeads,train
986,986,a5ee720c94.jpg,cylinderHeads,train
218,218,c7ee42ee7e.jpg,engineBlock,train
76,76,906496d363.jpg,engineBlock,train
173,173,f5ef7abdae.jpg,engineBlock,train
252,252,53669401b7.jpg,engineBlock,train
925,925,7bb7c94c9b.jpg,timingBelt,train
110,110,aba2ca87de.jpg,engineBlock,train
696,696,b5510e7e3d.jpg,crankShaft,train
733,733,5dfd7f1df9.jpg,timingBelt,train
994,994,49de7bbd1b.jpg,cylinderHeads,train
1188,1188,32496a65d1.jpg,cylinderHeads,train
904,904,a5737e493e.jpg,timingBelt,train
767,767,18b6a4c002.jpg,timingBelt,train
726,726,06d582cc98.jpg,timingBelt,train
878,878,edc578220a.jpg,timingBelt,train
1035,1035,a5c6976055.jpg,cylinderHeads,train
882,882,d8f8af03ba.jpg,timingBelt,train
536,536,4c40864acc.jpg,crankShaft,train
155,155,bba906b304.jpg,engineBlock,train
530,530,dfce5a9a5a.jpg,crankShaft,train
1183,1183,f5142cdb13.jpg,cylinderHeads,train
432,432,90affcd4c1.jpg,piston,train
282,282,95a03b6212.jpg,engineBlock,train
1003,1003,ac1eff935b.jpg,cylinderHeads,train
746,746,8ca8e8c8c6.jpg,timingBelt,train
1122,1122,25bdb6ad78.jpg,cylinderHeads,train
900,900,f3285f4be9.jpg,timingBelt,train
242,242,ae56fddc92.jpg,engineBlock,train
694,694,b81af4466a.jpg,crankShaft,train
498,498,ccd6b11bd3.jpg,piston,train
881,881,bf5ad8b96a.jpg,timingBelt,train
1130,1130,0d007d1c1d.jpg,cylinderHeads,train
1185,1185,ac7df4ba25.jpg,cylinderHeads,train
632,632,ee2312624f.jpg,crankShaft,train
165,165,217551c999.jpg,engineBlock,train
711,711,10b954f372.jpg,timingBelt,train
1173,1173,1a0870bd60.jpg,cylinderHeads,train
678,678,6bfe74a772.jpg,crankShaft,train
821,821,0050cab9d8.jpg,timingBelt,train
661,661,1dd2e5ebf9.jpg,crankShaft,train
362,362,360d28141e.jpg,engineBlock,train
459,459,50232baee2.jpg,piston,train
777,777,48edf34632.jpg,timingBelt,train
919,919,d8d9da16af.jpg,timingBelt,train
1056,1056,5eccab4c1e.jpg,cylinderHeads,train
1119,1119,a0299d323f.jpg,cylinderHeads,train
466,466,07576a8141.jpg,piston,train
801,801,65080dc58a.jpg,timingBelt,train
106,106,a49a2e39ab.jpg,engineBlock,train
827,827,0449aed216.jpg,timingBelt,train
99,99,b489a21cb5.jpg,engineBlock,train
1168,1168,956b2e545a.jpg,cylinderHeads,train
1093,1093,ae6f76cd33.jpg,cylinderHeads,train
41,41,79cc7d8363.jpg,engineBlock,train
635,635,20c4267f52.jpg,crankShaft,train
27,27,1a1ee284a9.jpg,engineBlock,train
1024,1024,a6a83f6d3e.jpg,cylinderHeads,train
224,224,1dae49a170.jpg,engineBlock,train
508,508,c1a9ef5b3c.jpg,piston,train
1034,1034,7fc64d4e5b.jpg,cylinderHeads,train
339,339,57dafcedab.jpg,engineBlock,train
609,609,4514b6f766.jpg,crankShaft,train
1205,1205,ad6994d3ef.jpg,cylinderHeads,train
573,573,287bea9aa1.jpg,crankShaft,train
846,846,5a7f5d5047.jpg,timingBelt,train
1011,1011,3851faa8da.jpg,cylinderHeads,train
893,893,ac087daba1.jpg,timingBelt,train
740,740,54ed033552.jpg,timingBelt,train
410,410,7e7e5a8605.jpg,piston,train
908,908,5a15da65e9.jpg,timingBelt,train
369,369,0bece77b1e.jpg,engineBlock,train
209,209,b05f3a0e53.jpg,engineBlock,train
1201,1201,7c30101fd3.jpg,cylinderHeads,train
373,373,58cb49c547.jpg,engineBlock,train
402,402,edabbffa26.jpg,piston,train
486,486,11db57ab1a.jpg,piston,train
411,411,1c3edcb5cf.jpg,piston,train
570,570,5c6a99cc1f.jpg,crankShaft,train
1143,1143,df4a12bddd.jpg,cylinderHeads,train
1161,1161,684526c6aa.jpg,cylinderHeads,train
558,558,faeaa8bc8e.jpg,crankShaft,train
980,980,938da5690a.jpg,cylinderHeads,train
613,613,1a241afeb4.jpg,crankShaft,train
1223,1223,58b9fad083.jpg,cylinderHeads,train
1050,1050,2a7f526864.jpg,cylinderHeads,train
268,268,48343a0e01.jpg,engineBlock,train
1107,1107,7a42e2ff46.jpg,cylinderHeads,train
587,587,5323b379db.jpg,crankShaft,train
1066,1066,badcbc0a4e.jpg,cylinderHeads,train
21,21,c3a0143098.jpg,engineBlock,train
74,74,9ac0d86c0d.jpg,engineBlock,train
355,355,d14a62cdce.jpg,engineBlock,train
448,448,ea15401767.jpg,piston,train
894,894,c1700af1c7.jpg,timingBelt,train
1105,1105,865b833baa.jpg,cylinderHeads,train
1074,1074,f6dec52e43.jpg,cylinderHeads,train
634,634,7af08ad5e6.jpg,crankShaft,train
216,216,3d0bbec93d.jpg,engineBlock,train
472,472,aeeea4c932.jpg,piston,train
124,124,128954446a.jpg,engineBlock,train
1032,1032,13193bd8d9.jpg,cylinderHeads,train
129,129,549a355b6d.jpg,engineBlock,train
633,633,1e9b921801.jpg,crankShaft,train
1000,1000,299a2c11d3.jpg,cylinderHeads,train
575,575,bc9652a3ec.jpg,crankShaft,train
783,783,116eee1c34.jpg,timingBelt,train
532,532,802fbe398b.jpg,crankShaft,train
57,57,e90242288c.jpg,engineBlock,train
786,786,2afcc6c5aa.jpg,timingBelt,train
1026,1026,37cc58fe2b.jpg,cylinderHeads,train
1009,1009,21144e8894.jpg,cylinderHeads,train
1162,1162,17897628fd.jpg,cylinderHeads,train
862,862,2f2d2a7bd8.jpg,timingBelt,train
723,723,199b55eed9.jpg,timingBelt,train
820,820,04c826e641.jpg,timingBelt,train
541,541,7bd0cf1ca6.jpg,crankShaft,train
1137,1137,6cdcb51028.jpg,cylinderHeads,train
1186,1186,7f8653eefe.jpg,cylinderHeads,train
197,197,106314ecd1.jpg,engineBlock,train
922,922,3b8e3a6921.jpg,timingBelt,train
181,181,709cdf108c.jpg,engineBlock,train
850,850,34cd96bbdb.jpg,timingBelt,train
761,761,bf2eda46ee.jpg,timingBelt,train
603,603,13c77f47f9.jpg,crankShaft,train
447,447,cc028f53c5.jpg,piston,train
422,422,da5744ff72.jpg,piston,train
1030,1030,54c30d4b5f.jpg,cylinderHeads,train
221,221,c20da989dd.jpg,engineBlock,train
842,842,b0f497cd5d.jpg,timingBelt,train
1086,1086,da1c42a35a.jpg,cylinderHeads,train
104,104,f737148f85.jpg,engineBlock,train
771,771,a18f924cd3.jpg,timingBelt,train
763,763,8f6b079e00.jpg,timingBelt,train
1087,1087,7b36a303df.jpg,cylinderHeads,train
932,932,64cd643fa0.jpg,timingBelt,train
833,833,d0c01f1a0a.jpg,timingBelt,train
305,305,8907c65e9f.jpg,engineBlock,train
93,93,f9b3d3a0c7.jpg,engineBlock,train
363,363,4d76a4eef2.jpg,engineBlock,train
1222,1222,0de916d069.jpg,cylinderHeads,train
1234,1234,e59efd069c.jpg,cylinderHeads,train
1068,1068,f31e925596.jpg,cylinderHeads,train
926,926,eea524e9c0.jpg,timingBelt,train
149,149,16dbb4323b.jpg,engineBlock,train
710,710,af8d522808.jpg,timingBelt,train
933,933,de00c717d7.jpg,timingBelt,train
81,81,5073836ad0.jpg,engineBlock,train
192,192,5e3cddf0b3.jpg,engineBlock,train
861,861,debf86a0da.jpg,timingBelt,train
1051,1051,b31b5e9db5.jpg,cylinderHeads,train
1179,1179,d6e8e924bd.jpg,cylinderHeads,train
507,507,7b780939a6.jpg,piston,train
533,533,e7b6af8524.jpg,crankShaft,train
725,725,a7212d8851.jpg,timingBelt,train
935,935,ce43b6f28e.jpg,timingBelt,train
1092,1092,11439a0e8a.jpg,cylinderHeads,train
297,297,d4dd1e304f.jpg,engineBlock,train
1189,1189,3294c898f1.jpg,cylinderHeads,train
453,453,7eb08286eb.jpg,piston,train
158,158,4d021753c9.jpg,engineBlock,train
901,901,61fd584fd7.jpg,timingBelt,train
378,378,12727a70ca.jpg,engineBlock,train
683,683,9742601479.jpg,crankShaft,train
676,676,06d6e3ecde.jpg,crankShaft,train
920,920,ec9e5ef09f.jpg,timingBelt,train
590,590,ef5d0ba6ea.jpg,crankShaft,train
325,325,b8715431c8.jpg,engineBlock,train
895,895,f6b710cb6f.jpg,timingBelt,train
545,545,3b5cf0d201.jpg,crankShaft,train
283,283,94832ef1a6.jpg,engineBlock,train
383,383,a5421e0ce9.jpg,piston,train
1165,1165,6ce887b908.jpg,cylinderHeads,train
428,428,423a6d2a62.jpg,piston,train
756,756,080eb49f7e.jpg,timingBelt,train
1158,1158,fe088ac4c6.jpg,cylinderHeads,train
556,556,68755c2fd8.jpg,crankShaft,train
386,386,6d24be8685.jpg,piston,train
819,819,df2505e582.jpg,timingBelt,train
213,213,67a8218bae.jpg,engineBlock,train
328,328,65c0163a49.jpg,engineBlock,train
804,804,b58330c6c3.jpg,timingBelt,train
254,254,1609145855.jpg,engineBlock,train
1012,1012,9bae4d9ef8.jpg,cylinderHeads,train
1199,1199,947e43f288.jpg,cylinderHeads,train
826,826,7668be9968.jpg,timingBelt,train
812,812,9cefcbfc94.jpg,timingBelt,train
621,621,6b3b112dcf.jpg,crankShaft,train
329,329,4cf2789ac4.jpg,engineBlock,train
147,147,be9fa7140b.jpg,engineBlock,train
1127,1127,1dc0d459c4.jpg,cylinderHeads,train
588,588,e7d189539d.jpg,crankShaft,train
119,119,bca1244d65.jpg,engineBlock,train
160,160,09051c1009.jpg,engineBlock,train
323,323,2b013e09d7.jpg,engineBlock,train
235,235,963638f577.jpg,engineBlock,train
39,39,2dcf9bdcd7.jpg,engineBlock,train
1100,1100,d60f6d977c.jpg,cylinderHeads,train
491,491,37cab11673.jpg,piston,train
1146,1146,6fa4321fbb.jpg,cylinderHeads,train
412,412,63404cd364.jpg,piston,train
837,837,13fc588b3e.jpg,timingBelt,train
727,727,d61eb16e0e.jpg,timingBelt,train
259,259,f46f8fae35.jpg,engineBlock,train
722,722,5f70d94475.jpg,timingBelt,train
576,576,7b1b1b25d5.jpg,crankShaft,train
418,418,89a4d756af.jpg,piston,train
569,569,af857895a9.jpg,crankShaft,train
852,852,81e54336eb.jpg,timingBelt,train
464,464,310c7cc69a.jpg,piston,train
1044,1044,2e10c136a5.jpg,cylinderHeads,train
198,198,3aa635e8b8.jpg,engineBlock,train
1022,1022,a094295cc1.jpg,cylinderHeads,train
48,48,f884978e9b.jpg,engineBlock,train
645,645,9e5c728ff3.jpg,crankShaft,train
581,581,0a31847979.jpg,crankShaft,train
577,577,9341f0634d.jpg,crankShaft,train
766,766,267112606d.jpg,timingBelt,train
1029,1029,611eee9499.jpg,cylinderHeads,train
807,807,988697900b.jpg,timingBelt,train
1088,1088,deb9f47d09.jpg,cylinderHeads,train
1,1,a4e7b0ad35.jpg,engineBlock,train
985,985,a56457b363.jpg,cylinderHeads,train
6,6,efb60d4118.jpg,engineBlock,train
50,50,69049b651f.jpg,engineBlock,train
1080,1080,841f084534.jpg,cylinderHeads,train
416,416,667c7846f2.jpg,piston,train
732,732,19d51f3804.jpg,timingBelt,train
347,347,eea44610e6.jpg,engineBlock,train
686,686,1e08c1933e.jpg,crankShaft,train
785,785,ad50f9d0e0.jpg,timingBelt,train
500,500,2cd6659e84.jpg,piston,train
223,223,c7353f9109.jpg,engineBlock,train
649,649,424bb26b44.jpg,crankShaft,train
993,993,d98214e0c4.jpg,cylinderHeads,train
84,84,725ffc417f.jpg,engineBlock,train
261,261,d49fb0504c.jpg,engineBlock,train
1116,1116,bbc8586cea.jpg,cylinderHeads,train
122,122,2f8ae7c1ac.jpg,engineBlock,train
109,109,a158b2c4ce.jpg,engineBlock,train
135,135,a38c220055.jpg,engineBlock,train
504,504,c878e2d2b3.jpg,piston,train
78,78,2bca5b7afb.jpg,engineBlock,train
604,604,7379b5ca99.jpg,crankShaft,train
300,300,2b59ee2b7c.jpg,engineBlock,train
856,856,abcb078bee.jpg,timingBelt,train
598,598,891b47e2e1.jpg,crankShaft,train
855,855,4cbd7e0445.jpg,timingBelt,train
490,490,3beb527a5d.jpg,piston,train
337,337,507f560eff.jpg,engineBlock,train
1224,1224,433aaf6e24.jpg,cylinderHeads,train
379,379,b35b7b5c37.jpg,piston,train
484,484,5936cb36de.jpg,piston,train
171,171,b69eedfc74.jpg,engineBlock,train
87,87,ad2f59a929.jpg,engineBlock,train
374,374,cea6b78adf.jpg,engineBlock,train
742,742,b9d4b5c690.jpg,timingBelt,train
651,651,b2ab76e63b.jpg,crankShaft,train
1075,1075,1da62abbdf.jpg,cylinderHeads,train
327,327,eefa88d4ed.jpg,engineBlock,train
762,762,c9ea876f8d.jpg,timingBelt,train
1129,1129,354c6d5e51.jpg,cylinderHeads,train
565,565,9864189e73.jpg,crankShaft,train
13,13,60fdc86e0f.jpg,engineBlock,train
1008,1008,07a9a1e4b7.jpg,cylinderHeads,train
921,921,a5dc366504.jpg,timingBelt,train
442,442,f5e6770b96.jpg,piston,train
885,885,fab50c3951.jpg,timingBelt,train
691,691,5b75ea1339.jpg,crankShaft,train
775,775,625942b5aa.jpg,timingBelt,train
537,537,956494c4cc.jpg,crankShaft,train
40,40,3b64b28c9e.jpg,engineBlock,train
424,424,7ca7c712e2.jpg,piston,train
142,142,be4fd327e4.jpg,engineBlock,train
672,672,5db504ce5d.jpg,crankShaft,train
758,758,d1f0758359.jpg,timingBelt,train
232,232,e45d6cd388.jpg,engineBlock,train
186,186,d5f4f47432.jpg,engineBlock,train
630,630,d51b8aa89e.jpg,crankShaft,train
971,971,bb6039e8b2.jpg,cylinderHeads,train
730,730,06feef8ad0.jpg,timingBelt,train
102,102,86bb782549.jpg,engineBlock,train
255,255,ad6fb339a5.jpg,engineBlock,train
342,342,e38ef62b26.jpg,engineBlock,train
880,880,4a3a3e078b.jpg,timingBelt,train
685,685,4e5f1b1ad5.jpg,crankShaft,train
426,426,83bdccc73a.jpg,piston,train
184,184,db2ea9731b.jpg,engineBlock,train
967,967,87007a40c8.jpg,cylinderHeads,train
385,385,8b1f5b5206.jpg,piston,train
94,94,718b506e99.jpg,engineBlock,train
361,361,0ccee9284e.jpg,engineBlock,train
1128,1128,6af5817e09.jpg,cylinderHeads,train
800,800,97c704b35d.jpg,timingBelt,train
703,703,f2b0e5ad44.jpg,timingBelt,train
1141,1141,2ba8699a93.jpg,cylinderHeads,train
611,611,460da83d2c.jpg,crankShaft,train
713,713,f3ca0266df.jpg,timingBelt,train
984,984,bb75f080a8.jpg,cylinderHeads,train
180,180,6a9cb7b69e.jpg,engineBlock,train
493,493,90c32841e4.jpg,piston,train
228,228,f826a8913b.jpg,engineBlock,train
535,535,119f9574c5.jpg,crankShaft,train
88,88,f41a8d7666.jpg,engineBlock,train
14,14,436009e45d.jpg,engineBlock,train
825,825,eb544617b0.jpg,timingBelt,train
1214,1214,6cd644512c.jpg,cylinderHeads,train
937,937,9c12ca9219.jpg,timingBelt,train
376,376,e864c398b4.jpg,engineBlock,train
429,429,52907e8773.jpg,piston,train
1048,1048,4a9e8b2084.jpg,cylinderHeads,train
853,853,944cffa64e.jpg,timingBelt,train
1091,1091,a0c9d3ab78.jpg,cylinderHeads,train
874,874,22e6412015.jpg,timingBelt,train
690,690,dea42aaf76.jpg,crankShaft,train
1018,1018,f728fd7987.jpg,cylinderHeads,train
289,289,775a9667af.jpg,engineBlock,train
15,15,3321b82997.jpg,engineBlock,train
764,764,9559f91037.jpg,timingBelt,train
643,643,0e4bc54de0.jpg,crankShaft,train
97,97,f08133e336.jpg,engineBlock,train
497,497,83bee56785.jpg,piston,train
931,931,1c2c944e22.jpg,timingBelt,train
642,642,75db383bbc.jpg,crankShaft,train
3,3,bd67e4da46.jpg,engineBlock,train
80,80,1fadbc06a9.jpg,engineBlock,train
877,877,aef4a6a4a9.jpg,timingBelt,train
799,799,89a52c5bdf.jpg,timingBelt,train
98,98,c1a70d4cda.jpg,engineBlock,train
659,659,c78ca86b78.jpg,crankShaft,train
372,372,83487025b1.jpg,engineBlock,train
44,44,fbf0ecad7a.jpg,engineBlock,train
910,910,ea462e2ef2.jpg,timingBelt,train
887,887,ccdf7a306d.jpg,timingBelt,train
689,689,c40eedd235.jpg,crankShaft,train
182,182,d622c8e6c9.jpg,engineBlock,train
461,461,6eaa4bd168.jpg,piston,train
299,299,3a4725df86.jpg,engineBlock,train
33,33,dc1baefa1c.jpg,engineBlock,train
437,437,da27afb6e0.jpg,piston,train
515,515,6507c10889.jpg,crankShaft,train
1125,1125,6d4945e91b.jpg,cylinderHeads,train
350,350,302188fd30.jpg,engineBlock,train
208,208,a461f6b8f1.jpg,engineBlock,train
454,454,01ed3ac48b.jpg,piston,train
989,989,f9aec3b412.jpg,cylinderHeads,train
72,72,4bae3d04fb.jpg,engineBlock,train
524,524,e41c21d148.jpg,crankShaft,train
1014,1014,79dd38bfcb.jpg,cylinderHeads,train
610,610,55d1ca5ad1.jpg,crankShaft,train
974,974,a6d9d0e660.jpg,cylinderHeads,train
348,348,d7075340c3.jpg,engineBlock,train
976,976,0e4151d872.jpg,cylinderHeads,train
176,176,741d972d36.jpg,engineBlock,train
1170,1170,0915e98c66.jpg,cylinderHeads,train
193,193,083603a945.jpg,engineBlock,train
1115,1115,f508cd1e8d.jpg,cylinderHeads,train
446,446,6cecfbde53.jpg,piston,train
814,814,eee950dd83.jpg,timingBelt,train
729,729,e76ca6c446.jpg,timingBelt,train
59,59,a746111248.jpg,engineBlock,train
1215,1215,3d81bd03c8.jpg,cylinderHeads,train
346,346,b713378074.jpg,engineBlock,train
1190,1190,794e198ba8.jpg,cylinderHeads,train
257,257,929c00d5ea.jpg,engineBlock,train
1221,1221,cf95db2df3.jpg,cylinderHeads,train
489,489,0869b001d8.jpg,piston,train
728,728,89ab9ee823.jpg,timingBelt,train
1097,1097,03ddeac397.jpg,cylinderHeads,train
274,274,1ca553d1b1.jpg,engineBlock,train
592,592,1c76154e6a.jpg,crankShaft,train
718,718,23a60d86b6.jpg,timingBelt,train
930,930,7328851277.jpg,timingBelt,train
271,271,7eb43be741.jpg,engineBlock,train
7,7,e1258c91b6.jpg,engineBlock,train
400,400,5e4e824442.jpg,piston,train
943,943,2c882f6a99.jpg,cylinderHeads,train
434,434,05b167c489.jpg,piston,train
295,295,479f607030.jpg,engineBlock,train
512,512,bb75eed13e.jpg,piston,train
146,146,fc4058f4aa.jpg,engineBlock,train
1181,1181,562d3d5692.jpg,cylinderHeads,train
164,164,b93f0c87f3.jpg,engineBlock,train
1073,1073,26f9784db6.jpg,cylinderHeads,train
553,553,b8bc33911e.jpg,crankShaft,train
810,810,f7b2945568.jpg,timingBelt,train
150,150,478c3a8c10.jpg,engineBlock,train
382,382,1ad15ae046.jpg,piston,train
31,31,df125a1a06.jpg,engineBlock,train
270,270,7258d84222.jpg,engineBlock,train
225,225,cef7d1f33f.jpg,engineBlock,train
1163,1163,58f0035043.jpg,cylinderHeads,train
321,321,922e42c89f.jpg,engineBlock,train
140,140,ce110dfaa0.jpg,engineBlock,train
584,584,ba1faf6917.jpg,crankShaft,train
137,137,ea6bb4262e.jpg,engineBlock,train
951,951,993ac580a5.jpg,cylinderHeads,train
693,693,509378bc9a.jpg,crankShaft,train
1112,1112,adc662e02b.jpg,cylinderHeads,train
435,435,bebd4d8c10.jpg,piston,train
1055,1055,4e73d038e0.jpg,cylinderHeads,train
1072,1072,e6517cf36a.jpg,cylinderHeads,train
1204,1204,a3a2bc4982.jpg,cylinderHeads,train
692,692,6cbb2c9585.jpg,crankShaft,train
121,121,5d67f2c07a.jpg,engineBlock,train
1102,1102,4a45e0d494.jpg,cylinderHeads,train
939,939,85a3f24a62.jpg,timingBelt,train
798,798,24e5a18db9.jpg,timingBelt,train
139,139,4b5a94ec05.jpg,engineBlock,train
720,720,689df1cead.jpg,timingBelt,train
906,906,c0dfa761c0.jpg,timingBelt,train
641,641,0ef5bf54ef.jpg,crankShaft,train
190,190,f94c768630.jpg,engineBlock,train
805,805,ad56ae6bcf.jpg,timingBelt,train
1217,1217,8228d6ea35.jpg,cylinderHeads,train
797,797,f572691591.jpg,timingBelt,train
795,795,1cbd0bfaa5.jpg,timingBelt,train
1110,1110,55c6b2e0cb.jpg,cylinderHeads,train
38,38,605db7d0f4.jpg,engineBlock,train
647,647,f4dd8f95c1.jpg,crankShaft,train
4,4,36543856d8.jpg,engineBlock,train
503,503,440abc3a41.jpg,piston,train
602,602,eba9b92a0f.jpg,crankShaft,train
615,615,6613130234.jpg,crankShaft,train
46,46,be710d6072.jpg,engineBlock,train
370,370,b272a74688.jpg,engineBlock,train
116,116,28e36c2284.jpg,engineBlock,train
1196,1196,43f3e11202.jpg,cylinderHeads,train
750,750,6ef4d7118a.jpg,timingBelt,train
1191,1191,7a4ec9e892.jpg,cylinderHeads,train
133,133,2d19a1f026.jpg,engineBlock,train
551,551,7996ba1ed0.jpg,crankShaft,train
340,340,3521e552ad.jpg,engineBlock,train
554,554,ab89920c5f.jpg,crankShaft,train
381,381,efc6a13dfb.jpg,piston,train
153,153,1cb3e2b6c5.jpg,engineBlock,train
